experiment_id,date,status,hypothesis,changed_element,old_version,new_version,keywords_affected,cvr_before,cvr_after,rankings_before,rankings_after,observation_window,decision,owner,notes
ASO-000,2026-08-26,BASELINE_REQUIRED,"Сначала фиксируем исходные позиции и конверсию, иначе эффект изменений нельзя отделить от шума",baseline,"Нет опубликованной карточки MEOU",TBD,"Tier S; Tier A",TBD,TBD,TBD,TBD,"7 дней после первой стабильной индексации",HOLD,owner,"Заполнить из RuStore Консоли и ежедневного rank-check; Google Play страны вести отдельно по ASOdesk"
ASO-001,,PLANNED,"Keyword-bearing title увеличит релевантность по кластеру натальной карты без потери бренда",title,"MEOU","MEOU: натальная карта","натальная карта; карта рождения; натальная карта с расшифровкой",TBD,TBD,TBD,TBD,"14 дней; не менять short и screenshots",TBD,owner,"Требует отдельного решения владельца и синхронизации публичного имени с Android label"
ASO-002,,PLANNED,"Первые 80 символов с тремя реальными use cases увеличат card-to-install conversion",short_description,"Личные ИИ-прогнозы по контексту натальной карты.","Личный гороскоп, натальная карта и совместимость. Без общих фраз.",TBD,TBD,TBD,TBD,TBD,"14 дней; title и первые 3 screenshots зафиксированы",TBD,owner,"Запускать только после получения baseline"
ASO-003,,PLANNED,"Первый screenshot с личным прогнозом лучше объяснит ежедневную ценность и повысит conversion",screenshot_1,TBD,"Личный прогноз на сегодня — по твоим данным","личный гороскоп; гороскоп на сегодня; персональный прогноз",TBD,TBD,TBD,TBD,"14 дней или достаточная выборка",TBD,design,"Использовать реальный UI и только демо-данные; не менять title одновременно"
ASO-004,,PLANNED,"Нативный запрос оценки после второго успешно прочитанного прогноза повысит velocity свежих оценок без раздражения",review_prompt,TBD,"RuStore Review SDK после второго positive event","rating; review freshness",TBD,TBD,TBD,TBD,"28 дней",TBD,product,"Не показывать на старте, после ошибки, paywall или отказа в покупке"
ASO-005,,PLANNED,"Запросы натальной карты дадут более достижимый стартовый органический трафик, чем общий head «гороскоп»",external_acquisition,TBD,"Отдельная кампания на natal-intent landing/store card","натальная карта; рассчитать натальную карту; расшифровка натальной карты",TBD,TBD,TBD,TBD,"14 дней",TBD,growth,"Размечать paid и organic отдельно; не выдавать paid lift за органический ASO-эффект"
GP-000,2026-08-26,BASELINE_REQUIRED,"Google Play нельзя оценивать по рангу benchmark-приложения",baseline,"ASOdesk benchmark com.matricasudbu.app.astro","Первый indexed baseline MEOU","RU/KZ/BY/US/GB/CA/AU Tier S",TBD,TBD,"ASOdesk snapshot","MEOU live ranks","14 дней после индексации",HOLD,growth,"Не смешивать countries; значения Calc оставить pending"
GP-001,,PLANNED,"Birth Chart может дать лучший баланс conversion и Difficulty, чем Natal Chart в EN",title,"MEOU: Birth Chart & Horoscope","MEOU: Natal Chart & Horoscope","birth chart; natal chart; horoscope",TBD,TBD,TBD,TBD,"Два последовательных стабильных окна по 14 дней или достаточной выборке",TBD,growth,"App name нельзя тестировать нативным Store Listing Experiment; менять только title и сравнивать последовательные baselines"
GP-002,,PLANNED,"Chart-first screenshot лучше конвертирует chart-intent, чем forecast-first",screenshot_1,"Your birth chart, made personal","Your personal daily horoscope","birth chart; daily horoscope",TBD,TBD,TBD,TBD,"Play localized experiment до статистического результата",TBD,design,"Одинаковые остальные assets; использовать только release UI"
