"package_id","title","relation","icon_url","local_file"
"com.sopelus.horoscope","Гороскопы бесплатно, натальная карта","direct","https://static.rustore.ru/imgproxy/4SUAOOYLdeeKKRtabLV6nLDTc3CLirN5TxbeJIIFVK0/preset:web_app_icon_160/plain/https://static.rustore.ru/apk/2063642700/content/ICON/4cf492a6-1c93-45d7-89fc-41600dc6d076.png@webp","01_com.sopelus.horoscope.webp"
"ru.mynatalchart.app","Натальная карта рассчитать с расшифровкой онлайн","direct","https://static.rustore.ru/imgproxy/lrb73PDmyB-Qk0eNmv_9VX-NWbJ3NOfYlMwRd8lVB6w/preset:web_app_icon_160/plain/https://static.rustore.ru/2026/6/22/65/apk/2063722870/content/ICON/d546e542-9512-4ff8-a1ff-033f763a244b.jpg@webp","02_ru.mynatalchart.app.webp"
"com.aiastrologer.app","AI-Астролог, Таро, Астрология, Гороскоп, Астробот","direct","https://static.rustore.ru/imgproxy/1hfhLHLKeleCh3AReLgN29bipuEDPz_V9xSnGY58G2E/preset:web_app_icon_160/plain/https://static.rustore.ru/2026/7/9/a7/apk/2063730874/content/ICON/9883a02f-2920-4a9b-a268-a5a33b24e8ea.png@webp","03_com.aiastrologer.app.webp"
"ru.astrolloai.app","Astrollo AI — натальная карта и гороскопы","direct","https://static.rustore.ru/imgproxy/2OaiwVIuLve_hKUhfgNzehY4xT7X3vGs1wPINvjQmt0/preset:web_app_icon_62/plain/https://static.rustore.ru/2026/5/13/ec/apk/2063714344/content/ICON/b4d9d4ad-d1ec-450a-8c87-2cab890058fe.png@webp","04_ru.astrolloai.app.webp"
"com.matricasudbu.app.astro","Натальная карта. Астрология. Матрица Судьбы","direct","https://static.rustore.ru/imgproxy/8CPP3b_zl4GFvlQDIJS8uQz1vW4WbaJazeRsedTl3hs/preset:web_app_icon_62/plain/https://static.rustore.ru/2026/4/8/f1/apk/2063620377/content/ICON/fd8c2873-149b-4f33-a56f-8cc06282defe.png@webp","05_com.matricasudbu.app.astro.webp"
"com.natalchart.natalchartapp","Натальная карта","direct","https://static.rustore.ru/imgproxy/11JNnkSTerbtiucljuJIk2sZ8kS5XQlE5ezkj1P6QEk/preset:web_app_icon_160/plain/https://static.rustore.ru/2025/12/25/0a/apk/2063673012/content/ICON/a99cd865-9507-43cc-b17f-4b41c78e45f5.png@webp","06_com.natalchart.natalchartapp.webp"
"com.dixtalescat.astrocode","АстроКод: натальная карта","direct","https://static.rustore.ru/imgproxy/3owVctJFEsQd2TLTT7_BbBFykKKKriysLWI8HMLk-JA/preset:web_app_icon_160/plain/https://static.rustore.ru/2026/6/8/0f/apk/2063720975/content/ICON/bef8803c-ad72-444a-bb24-391a3247eac4.png@webp","07_com.dixtalescat.astrocode.webp"
"ru.neurodzen.app","Нейродзен — Натальная Карта, Гороскоп, Астрология","direct","https://static.rustore.ru/imgproxy/nfA0tBQpK8Xr_L0LbcXaD6iEAtoGrS_URK1GKpEP8k8/preset:web_app_icon_160/plain/https://static.rustore.ru/2026/1/12/4f/apk/2063667687/content/ICON/22a1939e-2d55-423b-80f1-f22a82ee2b5c.png@webp","08_ru.neurodzen.app.webp"
"com.kundalini.astroapp","Анима: Натальная карта и совместимость","direct","https://static.rustore.ru/imgproxy/N4KhpLve31DtPKGJ4mIOvbTG_86hIUIxkyHLrN-bH_s/preset:web_app_icon_160/plain/https://static.rustore.ru/2026/7/25/05/apk/2063730207/content/ICON/34c23c2b-ce1d-4cfe-8cf2-c891393df157.jpg@webp","09_com.kundalini.astroapp.webp"
"ru.astreya.app","Астрея: гороскоп, натальная карта, таро","direct","https://static.rustore.ru/imgproxy/tSumzrf3Nzd0bZeg8gPkINmMB5vnACa6v3k1foOXQNg/preset:web_app_icon_160/plain/https://static.rustore.ru/2026/7/13/8c/apk/2063731934/content/ICON/637f9c4d-1353-4100-9f95-f37c7de8bbc5.png@webp","10_ru.astreya.app.webp"
"ru.astrai.app","AstrAi — натальная карта и гороскоп","direct","https://static.rustore.ru/imgproxy/IRETc8a-Ysrp_oDpPKXvrfd3Q1BNEXFk1ubDoPF9YXE/preset:web_app_icon_160/plain/https://static.rustore.ru/2026/7/8/08/apk/2063730771/content/ICON/490a8eb2-cbda-4812-8cad-60468e80d3bb.png@webp","11_ru.astrai.app.webp"
"com.foresko.horoscopes","Гороскоп на каждый день: Астрология & Гороскопы","direct","https://static.rustore.ru/imgproxy/UeXFJS6Hr79tnd4VrgMIpPW-xFjFPiumqnWiQBQOT2U/preset:web_app_icon_160/plain/https://static.rustore.ru/apk/2063522203/content/ICON/e450e06c-0fd8-4d74-b82c-74d68f0b3b73.png@webp","12_com.foresko.horoscopes.webp"
"ru.astro.chartslite","Астрологические Карты Lite","direct","https://static.rustore.ru/imgproxy/C-TpxNVppTclfvxMScSkPoRfHpctQVZzqi-QfidfsM0/preset:web_app_icon_160/plain/https://static.rustore.ru/apk/2063491774/content/ICON/6faad8e3-adb7-43e9-8d33-7cbd343aeec5.png@webp","13_ru.astro.chartslite.webp"
"com.astropersona","AstroPersona — твой гороскоп и натальная карта","direct","https://static.rustore.ru/imgproxy/u-iQNwjH2xHqh7gjBrPmym2E758rJyHKiPdotuQEx_g/preset:web_app_icon_160/plain/https://static.rustore.ru/2025/10/29/51/apk/2063549954/content/ICON/5fceb594-b2ae-4bab-984f-cdf38055c8bc.png@webp","14_com.astropersona.webp"
"ru.mail.horo.android","Гороскопы","direct","https://static.rustore.ru/imgproxy/SzKp_KtTlpzHlA1AS97TGThcEvaTqiit9CSTUNQm3aI/preset:web_app_icon_160/plain/https://static.rustore.ru/c8d657eb-3f3b-4dea-9bd4-866dcbf21af6@webp","15_ru.mail.horo.android.webp"
"com.matricasudbu.app.taro","Таро. Матрица Судьбы","adjacent","https://static.rustore.ru/imgproxy/I8T6g5YXvVaVre17yHKIgWVAP0aa-W687BSW7LHBrGM/preset:web_app_icon_160/plain/https://static.rustore.ru/2026/6/1/67/apk/2063530012/content/ICON/8d835150-69e2-4fae-be10-28d72855fc70.png@webp","16_com.matricasudbu.app.taro.webp"
"tarot.helper.app","Таро Онлайн","adjacent","https://static.rustore.ru/imgproxy/7Z-AZ1HOOiXpLmp7KkrPMgMxehAgaiuFCfYOiKZ49yI/preset:web_app_icon_160/plain/https://static.rustore.ru/apk/2063640915/content/ICON/89b9ac73-e818-4e37-9088-aee113c452fd.png@webp","17_tarot.helper.app.webp"
"com.apptaro.app","Таро Расклад - ИИ Таролог - Карты Гадание Расклады","adjacent","https://static.rustore.ru/imgproxy/otFe0Fie3WYWdS0p6UNDqFf7QnlfpF7uVG5PE-wwveI/preset:web_app_icon_160/plain/https://static.rustore.ru/2026/5/11/4b/apk/2063711858/content/ICON/8f1efef5-a665-4e56-abe9-27d3a7e32488.png@webp","18_com.apptaro.app.webp"
"ru.improg.taro","Таро","adjacent","https://static.rustore.ru/imgproxy/xo3MMxpBxAkiJr8HR2pDmTr2zq7l8NBq8SrUXHEME8o/preset:web_app_icon_160/plain/https://static.rustore.ru/2026/5/6/27/apk/2063676085/content/ICON/b5b1d859-8c31-46af-a9f0-205a192544ef.jpg@webp","19_ru.improg.taro.webp"
"com.jiy.tarot.android","Гадание Таро и гороскопы","adjacent","https://static.rustore.ru/imgproxy/LhFjkohqgktEH-96Hrh7BnNe8DTZPhkg36k-VhqqhLU/preset:web_app_icon_160/plain/https://static.rustore.ru/apk/2063585994/content/ICON/b673a8f6-835f-4e99-acb6-75fb32f17c1a.jpg@webp","20_com.jiy.tarot.android.webp"
"ru.ecliptica.tarot","Ecliptica Tarot —Таро расклады на каждый день","adjacent","https://static.rustore.ru/imgproxy/rf3B4LmC36oudi1wUDxyFk5tQnfbVti70RtopwntAow/preset:web_app_icon_160/plain/https://static.rustore.ru/2026/4/9/0c/apk/2063698488/content/ICON/ee821b5e-fea6-4865-adfc-6eeba79cd93b.png@webp","21_ru.ecliptica.tarot.webp"
"dev.belikov.kentaro","Значение таро по фото – Kentaro","adjacent","https://static.rustore.ru/imgproxy/4LYRI3t_QzkDtFYVx9V2duIcZ404hHIrxLt_dntDqAc/preset:web_app_icon_160/plain/https://static.rustore.ru/2026/3/4/8a/apk/2063678731/content/ICON/99988c99-11a7-49b6-ab26-f6d0afeea788.jpg@webp","22_dev.belikov.kentaro.webp"
"com.tigrikot.taro","Таро Гадание","adjacent","https://static.rustore.ru/imgproxy/lO9oUtUMA5jsSzKcl5s4brpCC8Nl7ug3pFfccIsfbww/preset:web_app_icon_160/plain/https://static.rustore.ru/apk/2063547920/content/ICON/4d12cf26-5a62-4626-b42d-a366f27297ec.png@webp","23_com.tigrikot.taro.webp"
"com.taroooracle.tarooracle","Таро и Оракулы - значение карт","adjacent","https://static.rustore.ru/imgproxy/bZ56bOgPjISHWhywFLBu61_c9gC4YQxT0hJicUS2x0A/preset:web_app_icon_160/plain/https://static.rustore.ru/2026/2/1/dd/apk/2063555748/content/ICON/7ddb13d6-0f94-4497-b795-cca4e2ad65c8.png@webp","24_com.taroooracle.tarooracle.webp"
"com.koshina.lovematch","Тест любви - Совместимость","adjacent","https://static.rustore.ru/imgproxy/R6kMXuQaH2B6iihWEqxf_633AX-cTfcDM9XVnmySg3k/preset:web_app_icon_160/plain/https://static.rustore.ru/apk/2063559775/content/ICON/ad1a56ae-214c-4c5a-ae5a-f2150773ec87.png@webp","25_com.koshina.lovematch.webp"
"com.special_algorithmic_systems.engm_personal","Астрокалендарь ENIGMATA. Ежедневный гороскоп","additional","https://static.rustore.ru/imgproxy/W3KG4Gb48vc5SnM-lU057wPCEchh6McGKasKQhr4I0M/preset:web_app_icon_62/plain/https://static.rustore.ru/2026/5/25/57/apk/2063634969/content/ICON/5d335c46-4d9e-4144-9e4b-99edd1670d06.png@webp","26_com.special_algorithmic_systems.engm_personal.webp"
"com.birth.chart.natal.horoscope.astrology.tarot","Натальная карта - AstroChart","additional","https://static.rustore.ru/imgproxy/kYn6WYK2IDY4v1sIV0wlsg6DB8jeB95gsXRYp_F_KHQ/preset:web_app_icon_62/plain/https://static.rustore.ru/2025/10/6/83/apk/2063662829/content/ICON/444f59ea-7142-4bc7-83b0-95c3592a10b2.png@webp","27_com.birth.chart.natal.horoscope.astrology.tarot.webp"
"ru.astrostar.yakuba.android","AstroStar: Гороскопы, Астрология, Натальная карта","additional","https://static.rustore.ru/imgproxy/AhbqtmOGt4A-WJyKC6iNLfOuR5ZeYr3n0udIhWRL8F0/preset:web_app_icon_62/plain/https://static.rustore.ru/2025/12/22/c1/apk/2063682288/content/ICON/170d8dcb-a5d0-4372-b057-88a2a86e6066.jpg@webp","28_ru.astrostar.yakuba.android.webp"
"ru.z9games.jyotish","Ведаскоп: джйотиш и натальная карта","additional","https://static.rustore.ru/imgproxy/HsaaT5buUGX8MqIYO7-p5kJNEMagCnOcfDMS4M2M6ZM/preset:web_app_icon_62/plain/https://static.rustore.ru/2026/6/24/02/apk/2063724173/content/ICON/26228479-06f4-4875-a6f0-366cd7479072.png@webp","29_ru.z9games.jyotish.webp"
"com.semnon.astrovfr","AstroVizor","additional","https://static.rustore.ru/imgproxy/gzTwgAXHr4AkIcih1f8Z7cXgwPWOVdO27oRFsKypf_I/preset:web_app_icon_62/plain/https://static.rustore.ru/apk/2063535581/content/ICON/97ad5afa-a494-41dd-ac8d-459f96a9b39d.png@webp","30_com.semnon.astrovfr.webp"
