package_id,app_title,review_id,author,date,rating,comment,theme,sentiment,likes,dislikes,source_url,collected_at
ru.mail.horo.android,Оценки и отзывы,2413073273,Nicolás,Изменён 17 июл 2026,2,"Раз приложение часть компании ВК, то хотя бы сделали чтобы оно через Белый список открывалось, а то толку? Скачать, скачал и всё, интернет отключили, а в режиме Белого списка ошибку выдаёт и не загружает ничего",reliability,negative,0,0,https://www.rustore.ru/catalog/app/ru.mail.horo.android/reviews,2026-07-29T19:01:38.220Z
ru.mail.horo.android,Оценки и отзывы,2411953647,Юрий,28 июн 2026,1,Ошибка загрузки данных,reliability,negative,5,0,https://www.rustore.ru/catalog/app/ru.mail.horo.android/reviews,2026-07-29T19:01:38.220Z
ru.mail.horo.android,Оценки и отзывы,2411490740,Елена,22 июн 2026,1,Не работает. Почему ?!,reliability,negative,6,0,https://www.rustore.ru/catalog/app/ru.mail.horo.android/reviews,2026-07-29T19:01:38.220Z
ru.mail.horo.android,Оценки и отзывы,2411217775,Руслан,Изменён 19 июн 2026,1,Ошибка загрузки,reliability,negative,2,0,https://www.rustore.ru/catalog/app/ru.mail.horo.android/reviews,2026-07-29T19:01:38.220Z
ru.mail.horo.android,Оценки и отзывы,2411130364,Любовь,18 июн 2026,1,Не работает приложение,reliability,negative,4,0,https://www.rustore.ru/catalog/app/ru.mail.horo.android/reviews,2026-07-29T19:01:38.220Z
ru.mail.horo.android,Оценки и отзывы,2410828200,Евгений,Изменён 17 июн 2026,1,"Не работает, что такое... В поддержку написал-тишина...",reliability,negative,5,0,https://www.rustore.ru/catalog/app/ru.mail.horo.android/reviews,2026-07-29T19:01:38.220Z
ru.mail.horo.android,Оценки и отзывы,2408453075,Светлана,3 июн 2026,2,"Пользовалось много лет, а сейчас не работает(((",reliability,negative,11,0,https://www.rustore.ru/catalog/app/ru.mail.horo.android/reviews,2026-07-29T19:01:38.220Z
ru.mail.horo.android,Оценки и отзывы,2408182272,Андрей,Изменён 1 июн 2026,1,Приложение не работает. Только открывается и всё. Ошибка загрузки данных.,reliability,negative,9,0,https://www.rustore.ru/catalog/app/ru.mail.horo.android/reviews,2026-07-29T19:01:38.220Z
ru.mail.horo.android,Оценки и отзывы,2406830065,Максим,23 май 2026,1,"Ошибка загрузки данных , обновите приложение пожалуйста",reliability,negative,7,0,https://www.rustore.ru/catalog/app/ru.mail.horo.android/reviews,2026-07-29T19:01:38.220Z
ru.mail.horo.android,Оценки и отзывы,2406635603,Алена,22 май 2026,2,Ошибка загрузки данных,reliability,negative,4,0,https://www.rustore.ru/catalog/app/ru.mail.horo.android/reviews,2026-07-29T19:01:38.220Z
ru.mail.horo.android,Оценки и отзывы,2404632185,Геннадий,Изменён 10 май 2026,1,Ошибка загрузки даных,reliability,negative,8,0,https://www.rustore.ru/catalog/app/ru.mail.horo.android/reviews,2026-07-29T19:01:38.220Z
ru.mail.horo.android,Оценки и отзывы,2404037283,Русские,Изменён 4 май 2026,5,Супер🤙,praise,positive,2,2,https://www.rustore.ru/catalog/app/ru.mail.horo.android/reviews,2026-07-29T19:01:38.220Z
ru.mail.horo.android,Оценки и отзывы,2402818321,Арина,Изменён 22 апр 2026,1,Приложение не работает 😭,reliability,negative,7,0,https://www.rustore.ru/catalog/app/ru.mail.horo.android/reviews,2026-07-29T19:01:38.220Z
ru.mail.horo.android,Оценки и отзывы,2402606854,I-Don't,Изменён 20 апр 2026,1,"Использую это приложение лет 5. Все работало исправно, сейчас ерунда какая-то. Не работает уже год или больше, хотя очень нравилось",reliability,negative,15,0,https://www.rustore.ru/catalog/app/ru.mail.horo.android/reviews,2026-07-29T19:01:38.220Z
ru.mail.horo.android,Оценки и отзывы,2402342887,Удаленный пользователь,Изменён 18 апр 2026,1,"Алё, вы приложение на работоспособность не проверяете? Оно не работает!",reliability,negative,10,0,https://www.rustore.ru/catalog/app/ru.mail.horo.android/reviews,2026-07-29T19:01:38.220Z
ru.mail.horo.android,Оценки и отзывы,2401429015,Надежда,10 апр 2026,1,Приложение не работает,reliability,negative,9,1,https://www.rustore.ru/catalog/app/ru.mail.horo.android/reviews,2026-07-29T19:01:38.220Z
ru.mail.horo.android,Оценки и отзывы,2400973575,Павел,6 апр 2026,1,"Просто не работает...пишет: ""Ошибка загрузки данных"". Очень печально...",reliability,negative,10,0,https://www.rustore.ru/catalog/app/ru.mail.horo.android/reviews,2026-07-29T19:01:38.220Z
ru.mail.horo.android,Оценки и отзывы,2399941837,Qwerty,29 мар 2026,1,"Xiami 14 Не работает ""ошибка загрузки данных""",reliability,negative,11,0,https://www.rustore.ru/catalog/app/ru.mail.horo.android/reviews,2026-07-29T19:01:38.220Z
ru.mail.horo.android,Оценки и отзывы,2396405445,Лейла,10 мар 2026,3,Последнее время не показывает правельно месяц день и не возможно посмотреть совместимость .есть не хорошо,compatibility,mixed,11,1,https://www.rustore.ru/catalog/app/ru.mail.horo.android/reviews,2026-07-29T19:01:38.220Z
ru.mail.horo.android,Оценки и отзывы,2396396490,Нигора,10 мар 2026,2,"Здравствуйте не роботет раньше роботел,",other,negative,6,1,https://www.rustore.ru/catalog/app/ru.mail.horo.android/reviews,2026-07-29T19:01:38.220Z
ru.mail.horo.android,Оценки и отзывы,2394058881,Наталья,2 мар 2026,4,"Работает то что я искала, то бишь совместимость и характеристики знака зодиака, а сам гороскоп не работает",reliability,positive,3,4,https://www.rustore.ru/catalog/app/ru.mail.horo.android/reviews,2026-07-29T19:01:38.220Z
ru.mail.horo.android,Оценки и отзывы,2393344467,Павел,26 фев 2026,1,"Последний год глюк за глюком, там где ""сегодня"" прогноз на год",reliability,negative,20,1,https://www.rustore.ru/catalog/app/ru.mail.horo.android/reviews,2026-07-29T19:01:38.220Z
ru.mail.horo.android,Оценки и отзывы,2393081683,Ирина,26 фев 2026,1,"Скачала , открыла-не открывается. Пишет ошибка, повторите. Повторяю-все равно не работает ....",reliability,negative,8,2,https://www.rustore.ru/catalog/app/ru.mail.horo.android/reviews,2026-07-29T19:01:38.220Z
ru.mail.horo.android,Оценки и отзывы,2392494261,Николай,25 фев 2026,1,Не обновляется удаляю@!!,content_freshness,negative,10,0,https://www.rustore.ru/catalog/app/ru.mail.horo.android/reviews,2026-07-29T19:01:38.220Z
ru.mail.horo.android,Оценки и отзывы,2392339483,Михаил,24 фев 2026,2,"Хорошее приложение...было , пока работало ....",praise,negative,19,0,https://www.rustore.ru/catalog/app/ru.mail.horo.android/reviews,2026-07-29T19:01:38.220Z
ru.mail.horo.android,Оценки и отзывы,2392217256,Нурлан,24 фев 2026,3,Когда оно заработает?,other,mixed,10,1,https://www.rustore.ru/catalog/app/ru.mail.horo.android/reviews,2026-07-29T19:01:38.220Z
ru.mail.horo.android,Оценки и отзывы,2391233997,Наиль,21 фев 2026,1,Забросили приложение,other,negative,14,1,https://www.rustore.ru/catalog/app/ru.mail.horo.android/reviews,2026-07-29T19:01:38.220Z
ru.mail.horo.android,Оценки и отзывы,2391149503,Александра,21 фев 2026,1,"Выдает ошибку, при входе",other,negative,7,0,https://www.rustore.ru/catalog/app/ru.mail.horo.android/reviews,2026-07-29T19:01:38.220Z
ru.mail.horo.android,Оценки и отзывы,2389843442,Евгений,18 фев 2026,1,Почему неоткрывается приложение,other,negative,6,1,https://www.rustore.ru/catalog/app/ru.mail.horo.android/reviews,2026-07-29T19:01:38.220Z
ru.mail.horo.android,Оценки и отзывы,2388204604,Любовь,14 фев 2026,1,"Да, меня разочаровано - почему 16 августа 2025 год до пор?, несмотря ни на хорошое приложение гороскоп работает отлично! Не понятно! Я долго давно пользуюсь, гороскопом привыкла к нему! Очень прошу вас исправить пожалуйста 🙏 ошибку, то тогда вам будет 5 звезды🌟!",praise,negative,17,0,https://www.rustore.ru/catalog/app/ru.mail.horo.android/reviews,2026-07-29T19:01:38.220Z
com.sopelus.horoscope,Оценки и отзывы,2408753744,Виктория,Изменён 5 июн 2026,5,"Гороскоп показывает, всё хорошо, два крестика нажать - 30 секунд вашего времени и гороскоп на день ваш.",praise,positive,0,0,https://www.rustore.ru/catalog/app/com.sopelus.horoscope/reviews,2026-07-29T19:01:40.213Z
com.sopelus.horoscope,Оценки и отзывы,2404632340,Геннадий,Изменён 10 май 2026,1,Рекламная помойка,ads,negative,2,0,https://www.rustore.ru/catalog/app/com.sopelus.horoscope/reviews,2026-07-29T19:01:40.213Z
com.sopelus.horoscope,Оценки и отзывы,2388454050,Ян,15 фев 2026,1,Полный отстой нечего негрузит,other,negative,1,2,https://www.rustore.ru/catalog/app/com.sopelus.horoscope/reviews,2026-07-29T19:01:40.213Z
com.sopelus.horoscope,Оценки и отзывы,2386067178,Александр,3 фев 2026,5,"Классное приьожение, тоько рекламы много",ads,positive,2,0,https://www.rustore.ru/catalog/app/com.sopelus.horoscope/reviews,2026-07-29T19:01:40.213Z
com.sopelus.horoscope,Оценки и отзывы,2382867379,Дмитрий,30 янв 2026,2,Одна реклама.,ads,negative,4,1,https://www.rustore.ru/catalog/app/com.sopelus.horoscope/reviews,2026-07-29T19:01:40.213Z
com.sopelus.horoscope,Оценки и отзывы,2371987714,Юлия,9 окт 2025,1,Вообще не открывается приложение 🤦,reliability,negative,1,2,https://www.rustore.ru/catalog/app/com.sopelus.horoscope/reviews,2026-07-29T19:01:40.213Z
com.sopelus.horoscope,Оценки и отзывы,2371785101,Дмитрий,6 окт 2025,5,Прекрасно всё,other,positive,1,0,https://www.rustore.ru/catalog/app/com.sopelus.horoscope/reviews,2026-07-29T19:01:40.213Z
com.sopelus.horoscope,Оценки и отзывы,2371702265,Фёдор,4 окт 2025,1,"Приложение ни о чем, вас сразу встречает реклама, после каждого действия сново реклама, вобщем полное г___о, и сново реклама 😀",ads,negative,2,0,https://www.rustore.ru/catalog/app/com.sopelus.horoscope/reviews,2026-07-29T19:01:40.213Z
com.sopelus.horoscope,Оценки и отзывы,2370506325,Василий,16 сен 2025,5,Гороскоп рассказал про удачу в деньгах. Нашёл сотку в зимней куртке. Приложение - работает!,payments,positive,3,0,https://www.rustore.ru/catalog/app/com.sopelus.horoscope/reviews,2026-07-29T19:01:40.213Z
com.sopelus.horoscope,Оценки и отзывы,2370488959,Александр,15 сен 2025,1,"Куча рекламы, навязчиво просят поставить оценку, иначе не выйти из приложения. Не рекомендую",ads,negative,1,1,https://www.rustore.ru/catalog/app/com.sopelus.horoscope/reviews,2026-07-29T19:01:40.213Z
com.sopelus.horoscope,Оценки и отзывы,2370450473,Владимир,15 сен 2025,5,Хорошо,praise,positive,0,0,https://www.rustore.ru/catalog/app/com.sopelus.horoscope/reviews,2026-07-29T19:01:40.213Z
com.sopelus.horoscope,Оценки и отзывы,2370194647,Алексей,9 сен 2025,5,"Супер! После установки этого приложения мой телефон перестал разряжаться вообще! Появилась 8G связь и стали открываться порталы между вселенными. У меня был вывих пальца, который зажил за пол часа, улучшилось самочувствие и прибавилась положительная энергия! Всем советую установить это приложение!!!",ux_design,positive,9,1,https://www.rustore.ru/catalog/app/com.sopelus.horoscope/reviews,2026-07-29T19:01:40.213Z
com.sopelus.horoscope,Оценки и отзывы,2367588176,Evgeniya,17 июл 2025,5,"Только скачала, пока все нравится",praise,positive,4,1,https://www.rustore.ru/catalog/app/com.sopelus.horoscope/reviews,2026-07-29T19:01:40.213Z
ru.smartbear.programs.horoscopenew,Оценки и отзывы,2411504548,Валентина,Изменён 22 июн 2026,5,"Свой гороскоп я смотрю каждый день, и довольна, все сходится. Оцениваю на 5+.",other,positive,0,0,https://www.rustore.ru/catalog/app/ru.smartbear.programs.horoscopenew/reviews,2026-07-29T19:01:42.252Z
ru.smartbear.programs.horoscopenew,Оценки и отзывы,2407212535,Dmitrij,Изменён 25 май 2026,2,"Обновил, ни черта не работает! 😠",reliability,negative,0,0,https://www.rustore.ru/catalog/app/ru.smartbear.programs.horoscopenew/reviews,2026-07-29T19:01:42.252Z
ru.smartbear.programs.horoscopenew,Оценки и отзывы,2364227812,Валера,29 апр 2025,5,Интересно и познавательно,other,positive,2,1,https://www.rustore.ru/catalog/app/ru.smartbear.programs.horoscopenew/reviews,2026-07-29T19:01:42.252Z
ru.smartbear.programs.horoscopenew,Оценки и отзывы,2364227438,Ольга,29 апр 2025,5,Очень увлекательный гороскоп. Всё супер!,praise,positive,3,0,https://www.rustore.ru/catalog/app/ru.smartbear.programs.horoscopenew/reviews,2026-07-29T19:01:42.252Z
ru.smartbear.programs.horoscopenew,Оценки и отзывы,2364050070,Юлия,28 апр 2025,5,Великолепно! Пользуюсь каждый день. Красивый дизайн. Пока для меня это лучший гороскоп,ux_design,positive,2,1,https://www.rustore.ru/catalog/app/ru.smartbear.programs.horoscopenew/reviews,2026-07-29T19:01:42.252Z
ru.smartbear.programs.horoscopenew,Оценки и отзывы,2364049710,Андрей,28 апр 2025,5,Отлично! Точный гороскоп на каждый день! И работает без интернета!,content_accuracy,positive,1,2,https://www.rustore.ru/catalog/app/ru.smartbear.programs.horoscopenew/reviews,2026-07-29T19:01:42.252Z
com.foresko.horoscopes,Оценки и отзывы,2413890921,Анжелика,Изменён 23 июл 2026,1,Не грузит приложение вообще,other,negative,0,0,https://www.rustore.ru/catalog/app/com.foresko.horoscopes/reviews,2026-07-29T19:02:03.902Z
com.foresko.horoscopes,Оценки и отзывы,2413229624,Сергей,18 июл 2026,1,Не грузится ничего,other,negative,0,0,https://www.rustore.ru/catalog/app/com.foresko.horoscopes/reviews,2026-07-29T19:02:03.902Z
com.foresko.horoscopes,Оценки и отзывы,2374491032,Александр,23 ноя 2025,5,"Пока нравится,позже узнаю на сколько точно всё",content_accuracy,positive,0,0,https://www.rustore.ru/catalog/app/com.foresko.horoscopes/reviews,2026-07-29T19:02:03.902Z
com.foresko.horoscopes,Оценки и отзывы,2373855698,Владимир,12 ноя 2025,1,"Рекламы больше, чем в бесплатных играх. Позор!",ads,negative,1,0,https://www.rustore.ru/catalog/app/com.foresko.horoscopes/reviews,2026-07-29T19:02:03.902Z
com.foresko.horoscopes,Оценки и отзывы,2372042352,Наталья,10 окт 2025,5,"Приложение просто прекрасное 🌿♥️🌿 Гороскопы хорошие помощники Я приложением очень довольна Благодарю, тех кто создал приложение ❣️ Каждый день захожу, смотрю гороскопы, помогают в принятии решений Молодцы 🎨🙏💛",praise,positive,1,2,https://www.rustore.ru/catalog/app/com.foresko.horoscopes/reviews,2026-07-29T19:02:03.902Z
com.foresko.horoscopes,Оценки и отзывы,2371513204,Александр,1 окт 2025,1,Дерьмо а не приложение. Во первых хоть что то посмотреть надо рекламу посмотреть. Пошли в пень с таким приложением.,ads,negative,3,0,https://www.rustore.ru/catalog/app/com.foresko.horoscopes/reviews,2026-07-29T19:02:03.902Z
com.foresko.horoscopes,Оценки и отзывы,2370438364,Елена,14 сен 2025,1,За все платить!,payments,negative,2,0,https://www.rustore.ru/catalog/app/com.foresko.horoscopes/reviews,2026-07-29T19:02:03.902Z
com.foresko.horoscopes,Оценки и отзывы,2369514634,Дмитрий,26 авг 2025,5,Отличное приложение,praise,positive,0,0,https://www.rustore.ru/catalog/app/com.foresko.horoscopes/reviews,2026-07-29T19:02:03.902Z
com.foresko.horoscopes,Оценки и отзывы,2368964140,Алексей,17 авг 2025,5,Ставлю 5 баллов просто нравится.,praise,positive,1,1,https://www.rustore.ru/catalog/app/com.foresko.horoscopes/reviews,2026-07-29T19:02:03.902Z
com.foresko.horoscopes,Оценки и отзывы,2364328282,Александр,2 май 2025,5,Пока норм.,other,positive,0,1,https://www.rustore.ru/catalog/app/com.foresko.horoscopes/reviews,2026-07-29T19:02:03.902Z
com.foresko.horoscopes,Оценки и отзывы,2363904724,Валера,20 апр 2025,4,5 звезд,other,positive,0,2,https://www.rustore.ru/catalog/app/com.foresko.horoscopes/reviews,2026-07-29T19:02:03.902Z
com.foresko.horoscopes,Оценки и отзывы,2357187124,Вталий,11 окт 2024,5,в гороскопы мало кто верит но можно посмотреть а так приложение вроде ничего,other,positive,0,1,https://www.rustore.ru/catalog/app/com.foresko.horoscopes/reviews,2026-07-29T19:02:03.902Z
com.foresko.horoscopes,Оценки и отзывы,2357101881,Soha,8 окт 2024,5,"Приложение ""Гороскоп каждый день: Астрология & Го"" невероятно полезно и интересно! Каждый день я получаю точные прогнозы и советы, которые помогают мне лучше понимать себя и окружающий мир.",content_accuracy,positive,0,1,https://www.rustore.ru/catalog/app/com.foresko.horoscopes/reviews,2026-07-29T19:02:03.902Z
com.foresko.horoscopes,Оценки и отзывы,2357080454,Алексей,8 окт 2024,5,"классное приложение,будем знать чего нам ждать!?",praise,positive,1,1,https://www.rustore.ru/catalog/app/com.foresko.horoscopes/reviews,2026-07-29T19:02:03.902Z
com.foresko.horoscopes,Оценки и отзывы,2356983739,Nataly,4 окт 2024,5,"Все, что говорит приложение, правда. Пользуюсь каждый день и доволен. Интерфейс понятный и удобный. Приложение заслуживает 5 звезд",content_accuracy,positive,0,2,https://www.rustore.ru/catalog/app/com.foresko.horoscopes/reviews,2026-07-29T19:02:03.902Z
com.foresko.horoscopes,Оценки и отзывы,2353686390,Андрей,22 апр 2024,5,"Отличное приложение, мне очень нравится. Спасибо большое автору",praise,positive,1,1,https://www.rustore.ru/catalog/app/com.foresko.horoscopes/reviews,2026-07-29T19:02:03.902Z
com.foresko.horoscopes,Оценки и отзывы,2353682461,Мария,22 апр 2024,5,"Удивлена, но гороскоп реально правдивый. Уже интересно узнать, что скажет завтра",content_accuracy,positive,2,2,https://www.rustore.ru/catalog/app/com.foresko.horoscopes/reviews,2026-07-29T19:02:03.902Z
com.foresko.horoscopes,Оценки и отзывы,2353681406,Denis,22 апр 2024,5,"Прикольно приложение, разрабам респект",other,positive,0,1,https://www.rustore.ru/catalog/app/com.foresko.horoscopes/reviews,2026-07-29T19:02:03.902Z
com.foresko.horoscopes,Оценки и отзывы,2353680635,Джесси,22 апр 2024,5,"Удобное приложение, можно смотреть все знаки",ux_design,positive,0,1,https://www.rustore.ru/catalog/app/com.foresko.horoscopes/reviews,2026-07-29T19:02:03.902Z
com.foresko.horoscopes,Оценки и отзывы,2352691599,Fujisaki,8 фев 2024,5,"детальный гороскоп, много информации. мне нравится. мой знак кстати Лев",praise,positive,0,1,https://www.rustore.ru/catalog/app/com.foresko.horoscopes/reviews,2026-07-29T19:02:03.902Z
com.foresko.horoscopes,Оценки и отзывы,2352691590,Sasha,8 фев 2024,5,Удобное приложение Гороскоп интересное узнаешь про себя куда больше чем знаешь.,ux_design,positive,0,1,https://www.rustore.ru/catalog/app/com.foresko.horoscopes/reviews,2026-07-29T19:02:03.902Z
com.foresko.horoscopes,Оценки и отзывы,2352691431,Сергей,8 фев 2024,5,"Понравилось приложение. Оригинальные гороскопы. Надеюсь, что сбудется.",praise,positive,0,1,https://www.rustore.ru/catalog/app/com.foresko.horoscopes/reviews,2026-07-29T19:02:03.902Z
com.foresko.horoscopes,Оценки и отзывы,2352690674,Мисс,7 фев 2024,5,"Мой гороскоп оказался полностью верным, мой символ Скорпион.",other,positive,0,1,https://www.rustore.ru/catalog/app/com.foresko.horoscopes/reviews,2026-07-29T19:02:03.902Z
com.foresko.horoscopes,Оценки и отзывы,2352484865,Александр,19 янв 2024,5,"Удобное приложение, можно смотреть все знаки",ux_design,positive,0,1,https://www.rustore.ru/catalog/app/com.foresko.horoscopes/reviews,2026-07-29T19:02:03.902Z
com.foresko.horoscopes,Оценки и отзывы,2352440253,Tony,15 янв 2024,5,"Мне понравилось работать над этим приложением. Это забавное приложение. В нем можно найти все, что вам нужно. Загрузка прошла быстро и не заняла времени. Советую людям скачать его, попробовать и оценить Мне нравится дизайн.",ux_design,positive,0,1,https://www.rustore.ru/catalog/app/com.foresko.horoscopes/reviews,2026-07-29T19:02:03.902Z
com.foresko.horoscopes,Оценки и отзывы,2352371968,Amal,10 янв 2024,5,Я рак и сегодня мой гороскоп сбылся!,other,positive,0,0,https://www.rustore.ru/catalog/app/com.foresko.horoscopes/reviews,2026-07-29T19:02:03.902Z
com.foresko.horoscopes,Оценки и отзывы,2352373219,Nuha,9 янв 2024,5,Приложение Horoscope прекрасно подходит для понимания и анализа мыслей и чувств!,other,positive,0,0,https://www.rustore.ru/catalog/app/com.foresko.horoscopes/reviews,2026-07-29T19:02:03.902Z
com.foresko.horoscopes,Оценки и отзывы,2352373125,Enas,9 янв 2024,5,"Это очень замечательное и простое в использовании приложение. Мне оно очень понравилось, интерфейс потрясающий. Всем рекомендую.",ux_design,positive,0,0,https://www.rustore.ru/catalog/app/com.foresko.horoscopes/reviews,2026-07-29T19:02:03.902Z
com.foresko.horoscopes,Оценки и отзывы,2352372919,Maxim,9 янв 2024,5,"Потрясающее приложение гороскопа, которое делает каждый мой день особенным! Точные прогнозы и мудрые советы - это именно то, что нужно для хорошего настроения и лучшего понимания себя. Удобный интерфейс и красивый дизайн делают его ежедневным удовольствием!",content_accuracy,positive,0,0,https://www.rustore.ru/catalog/app/com.foresko.horoscopes/reviews,2026-07-29T19:02:03.902Z
com.foresko.horoscopes,Оценки и отзывы,2352372043,Анатолий,9 янв 2024,5,"Мне понравилось приложение, легко пользоваться и всегда можно узнать что тебя ожидает, хотя я и не суеверный.",praise,positive,0,0,https://www.rustore.ru/catalog/app/com.foresko.horoscopes/reviews,2026-07-29T19:02:03.902Z
ru.astrostar.yakuba.android,Оценки и отзывы,2376670824,Алексей,30 дек 2025,5,"Отличное бесплатное приложение с гороскопами и ежедневным напоминанием, рекомендую.",payments,positive,0,0,https://www.rustore.ru/catalog/app/ru.astrostar.yakuba.android/reviews,2026-07-29T19:02:05.424Z
ru.astro.chartslite,Оценки и отзывы,2402547926,Татьяна,Изменён 20 апр 2026,3,"Сама по себе программа хорошая, однако вместо поддержки в случае обращения вы получите хамские письма с весьма низкой оценкой вашего интеллекта (буквально матом), если у вас не получится действовать по инструкциям, где ключевые для решения проблемы параметры у вас на экране не соответствуют указанным на скриншоте у разработчика. Увы, решить проблему не получится. Поэтому устанавливать рекомендую, но в поддержку обращения абсолютно бесполезны. Это анти поддержка",praise,mixed,2,2,https://www.rustore.ru/catalog/app/ru.astro.chartslite/reviews,2026-07-29T19:02:07.169Z
ru.astro.chartslite,Оценки и отзывы,2402097624,Анастасия,Изменён 16 апр 2026,1,Как перейти на про версию,other,negative,0,2,https://www.rustore.ru/catalog/app/ru.astro.chartslite/reviews,2026-07-29T19:02:07.169Z
ru.astro.chartslite,Оценки и отзывы,2396484219,Алиша,10 мар 2026,5,"Здравствуйте! У меня куплены тут две ваши программы Про и Хорары. Как, Когда и Где будут обновлятся теперь программы? Они начинают периодически вылетать в последнее время. Я ими пользуюсь постоянно. Мне они очень нужны!",reliability,positive,2,0,https://www.rustore.ru/catalog/app/ru.astro.chartslite/reviews,2026-07-29T19:02:07.169Z
ru.astro.chartslite,Оценки и отзывы,2393880481,Эльвира,1 мар 2026,4,"Уважаемый разработчик, раньше среди впших програм была Pro версия Астро Карт, Хорарнве карты... Куда вме пропало? Осталась только эта урезанная Lite версия",other,positive,0,0,https://www.rustore.ru/catalog/app/ru.astro.chartslite/reviews,2026-07-29T19:02:07.169Z
ru.astro.chartslite,Оценки и отзывы,2378482750,Анна,21 янв 2026,5,"Несколько лет пользуюсь приложением, все четко , все понятно. И мне странны отзывы, которые пишут отнепонятых кнопках. Точность карт совпадает ! Всем советую именно эту программу.",content_accuracy,positive,5,0,https://www.rustore.ru/catalog/app/ru.astro.chartslite/reviews,2026-07-29T19:02:07.169Z
ru.astro.chartslite,Оценки и отзывы,2376227859,Алена,22 дек 2025,1,Все услуги платные,payments,negative,0,2,https://www.rustore.ru/catalog/app/ru.astro.chartslite/reviews,2026-07-29T19:02:07.169Z
ru.astro.chartslite,Оценки и отзывы,2370366982,Maria,12 сен 2025,4,"Не загружает файл NatalData. Пишет, что в приложении снова произошёл сбой и вышибает из программы. Хотела установить данные с платной версии программы с другого телефона. Что делать?",reliability,positive,2,1,https://www.rustore.ru/catalog/app/ru.astro.chartslite/reviews,2026-07-29T19:02:07.169Z
ru.astro.chartslite,Оценки и отзывы,2362302803,Юлия,13 мар 2025,3,"Классное приложение, но есть нюансы. Не работает пинч (андройд). На смартфоне, чтоб разглядеть данные (прим. градусы) на карте, нужно орлиное зрение. Увеличить нельзя! Подскажите, в полной и pro так же? Купить готова, а лупу (как и ноут) носить с собой не хочу.",reliability,mixed,0,0,https://www.rustore.ru/catalog/app/ru.astro.chartslite/reviews,2026-07-29T19:02:07.169Z
ru.astro.chartslite,Оценки и отзывы,2360851547,Артём,3 фев 2025,1,"Понять бы, как в этой проге создать свою карту. Дизайнера не хватает вам. Куча кнопок со случайными картинками. Не удалось найти кнопку создания карты. Зато Шварцнегер и Киану Ривз это да, это всем полезно посмотреть. Видимо я слишком тупой. Но раз я тупой, ни что не мешает мне поставить 1 звезду.",ux_design,negative,0,8,https://www.rustore.ru/catalog/app/ru.astro.chartslite/reviews,2026-07-29T19:02:07.169Z
ru.astro.chartslite,Оценки и отзывы,2360311547,Olga,18 янв 2025,5,"Здравствуйте! У меня было куплено приложение Pro в гугл стор, но сейчас я переехала на новый телефон и не могу восстановить покупку. Как мне можно получить доступ к программе? Программа очень нравится, одна из лучших!",payments,positive,2,0,https://www.rustore.ru/catalog/app/ru.astro.chartslite/reviews,2026-07-29T19:02:07.169Z
ru.astro.chartslite,Оценки и отзывы,2357033003,Андрей,5 окт 2024,5,Андрей,other,positive,0,0,https://www.rustore.ru/catalog/app/ru.astro.chartslite/reviews,2026-07-29T19:02:07.169Z
ru.astro.chartslite,Оценки и отзывы,2355944724,Светлана,24 авг 2024,5,"прекрасное приложение. однако хочу спросить: в гугл плэй приобретала платную версию приложения. на днях она почему-то слетела с телефона. решила переустановить, и не могу ее скачать из Гугл плэй. не даёт вообще скачивать и устанавливать оттуда. подскажите, можете ли вы помочь в данной ситуации?",payments,positive,0,0,https://www.rustore.ru/catalog/app/ru.astro.chartslite/reviews,2026-07-29T19:02:07.169Z
ru.astro.chartslite,Оценки и отзывы,2355004220,Наталья,14 июл 2024,5,"Не могу восстановить аккаунт в Гугле( сменила телефон,смс не приходят),завела новый аккаунт.В старом осталась платная Хорарные карты. Как можно вернуть Хорары?",payments,positive,0,0,https://www.rustore.ru/catalog/app/ru.astro.chartslite/reviews,2026-07-29T19:02:07.169Z
ru.astro.chartslite,Оценки и отзывы,2354311702,Юля,4 июн 2024,5,"Как можно закачать pro-версию, которая была ранее куплена на Google play?",other,positive,0,0,https://www.rustore.ru/catalog/app/ru.astro.chartslite/reviews,2026-07-29T19:02:07.169Z
ru.astro.chartslite,Оценки и отзывы,2354110169,Александр,23 май 2024,5,тигомотина ещё та но интересно,other,positive,0,0,https://www.rustore.ru/catalog/app/ru.astro.chartslite/reviews,2026-07-29T19:02:07.169Z
ru.astro.chartslite,Оценки и отзывы,2352226820,Николай,22 дек 2023,5,"Программа понравилась. Для андроида, как то неожиданно. Вопрос: в чём отличие версий полная и про?",praise,positive,0,0,https://www.rustore.ru/catalog/app/ru.astro.chartslite/reviews,2026-07-29T19:02:07.169Z
ru.astro.charts,Оценки и отзывы,2365978494,Людмила,13 июн 2025,5,"Здравствуйте, все отлично! Особенно версия pro! Но хотелось бы добавить секунды во времени Очень нужно и важно при ректификации карты.",praise,positive,1,0,https://www.rustore.ru/catalog/app/ru.astro.charts/reviews,2026-07-29T19:02:22.653Z
ru.astro.charts,Оценки и отзывы,2357714836,Виктория,31 окт 2024,3,"почему у меня показывает солнце в Водолее, если я стрелец, 23.11.1972",other,mixed,0,3,https://www.rustore.ru/catalog/app/ru.astro.charts/reviews,2026-07-29T19:02:22.653Z
ru.astro.charts,Оценки и отзывы,2354449285,Ольга,13 июн 2024,4,"Здравствуйте, а появится у вас в программе перехода на ТОПОцентрическую систему в вашу программу?)",other,positive,1,0,https://www.rustore.ru/catalog/app/ru.astro.charts/reviews,2026-07-29T19:02:22.653Z
ru.astro.charts,Оценки и отзывы,2353150576,Валерий,17 мар 2024,5,Очень хорошая программа. Спасибо разработчику за нее и пожелание всего самого наилучшего.,praise,positive,5,0,https://www.rustore.ru/catalog/app/ru.astro.charts/reviews,2026-07-29T19:02:22.653Z
ru.astro.charts,Оценки и отзывы,2351677150,Юлия,26 сен 2023,5,"Приложение хорошее, много классных фишек, например возможность зафиксировать свои интерпретации. Но мне не хватает нескольких вещей. 1 - резервной копии ВСЕГО приложения. Все цвета, орбисы, интерпретации, база карт - ВСЕ ВСЕ ВСЕ. 2 - возможность масштабировать пальцами и нажимать на аспекты. Иногда карта очень насыщенная, а посмотреть что за аспект и с каким орбисом хочется быстро, не залезая в таблицы.",praise,positive,27,0,https://www.rustore.ru/catalog/app/ru.astro.charts/reviews,2026-07-29T19:02:22.653Z
ru.astro.chartspro,Оценки и отзывы,2413004253,Павел,16 июл 2026,5,"Добрый день, у вас хорошее приложение. Но я не понимаю, как смотреть транзиты к своей натальной!? На ноуте привык к зетке, тут что-то разобраться не могу",praise,positive,1,0,https://www.rustore.ru/catalog/app/ru.astro.chartspro/reviews,2026-07-29T19:02:24.397Z
ru.astro.chartspro,Оценки и отзывы,2372067898,Татьяна,10 окт 2025,5,"Здравствуйте! Спасибо за ответ по орбисам. Все нашла. Во вкладке ""Аспекты и орбис"" строк, как вы и сказали, 5, но в первой строке нет планет. Поэтому, остаётся только 4 рабочие строки. Для личных, социальных и высших я сделала так, как вы посоветовали. Но мне надо разделить Солнце и Луну в разные группы, т.е. необходтма еще одна строка. И в ""Группах планет по орбису"" я могу выбрать только 4 группы. Дальше нумерации нет. А можно для Птолемеевских аспектов увеличить орбис до 18?",praise,positive,0,0,https://www.rustore.ru/catalog/app/ru.astro.chartspro/reviews,2026-07-29T19:02:24.397Z
ru.astro.chartspro,Оценки и отзывы,2370422726,Леся,14 сен 2025,1,"Неудобное приложение. Вопрос к часовым поясам - карты определённых годов меняют сетку домов. Это как так? Платная версия, которая имеет косяки, просто ужас. Не программа, а баловство. Это не серьёзно. Лучше в интернете карту построить, точнее будет. Очень мелкая карта, возможно небольшое увеличение, но градусы планет на карте пропадают. Не рекомендую.",payments,negative,1,1,https://www.rustore.ru/catalog/app/ru.astro.chartspro/reviews,2026-07-29T19:02:24.397Z
ru.astro.chartspro,Оценки и отзывы,2368153564,Ольга,31 июл 2025,5,"Можно ли увеличить масштаб карты? Если да, то как",other,positive,0,0,https://www.rustore.ru/catalog/app/ru.astro.chartspro/reviews,2026-07-29T19:02:24.397Z
ru.astro.chartspro,Оценки и отзывы,2366687710,Людмила,29 июн 2025,5,"Здравствуйте, проживаю в ДНР. Время у нас сейчас Московское. При составлении натальной карты понятное дело , что нужно проверять время рождения (часовой пояс). А как быть с остальными картами?смотрю на пол года вперед транзиты, точные аспекты и зимнее время показывает +2",content_accuracy,positive,0,0,https://www.rustore.ru/catalog/app/ru.astro.chartspro/reviews,2026-07-29T19:02:24.397Z
ru.astro.chartspro,Оценки и отзывы,2366124104,Юлия,17 июн 2025,5,Здравствуйте! Планируете ли добавлять в приложение топоцентрическую систему?,other,positive,0,0,https://www.rustore.ru/catalog/app/ru.astro.chartspro/reviews,2026-07-29T19:02:24.397Z
ru.astro.chartspro,Оценки и отзывы,2363343350,Наталия,5 апр 2025,5,Здравствуйте! Спасибо за приложение! А возможно ли как-то перенести базу данных людей из вашего приложения lite в pro?,praise,positive,0,0,https://www.rustore.ru/catalog/app/ru.astro.chartspro/reviews,2026-07-29T19:02:24.397Z
ru.astro.chartspro,Оценки и отзывы,2363290541,Мила,4 апр 2025,5,Хорошее приложение,praise,positive,1,0,https://www.rustore.ru/catalog/app/ru.astro.chartspro/reviews,2026-07-29T19:02:24.397Z
ru.astro.chartspro,Оценки и отзывы,2361898236,Наталья,5 мар 2025,5,Лучшее!,other,positive,0,0,https://www.rustore.ru/catalog/app/ru.astro.chartspro/reviews,2026-07-29T19:02:24.397Z
ru.astro.chartspro,Оценки и отзывы,2359863159,Ирэна,3 янв 2025,5,"Добрый день. Для корректного построения натальной карты, если человек родился в 19 столетии, вводим его дату рождения по старому или по новому стилю? Спасибо",praise,positive,1,1,https://www.rustore.ru/catalog/app/ru.astro.chartspro/reviews,2026-07-29T19:02:24.397Z
ru.astro.chartspro,Оценки и отзывы,2356950482,Авраам,17 ноя 2024,5,"Добрый день, спасибо большое за приложение! Скажите пожалуйста если писать дату до 1918 года, автоматически учитывается что был Юлианский календарь в Российской империи или сначало нужно самим перевести? Может добавить пункт учитывающий это при написании даты? А то не удобно из метрических книг переносить дату 🤷",ux_design,positive,0,0,https://www.rustore.ru/catalog/app/ru.astro.chartspro/reviews,2026-07-29T19:02:24.397Z
ru.astro.chartspro,Оценки и отзывы,2355619671,Фатима,11 авг 2024,3,"При открытии описания , всё на английском.",other,mixed,0,0,https://www.rustore.ru/catalog/app/ru.astro.chartspro/reviews,2026-07-29T19:02:24.397Z
ru.astro.chartspro,Оценки и отзывы,2354966172,Регина,12 июл 2024,5,Здравствуйте! Почему при последнем обновлении главная панель выбора и настроек сместилась вниз? Можно ли как-то вернуть ее обратно на верх. раньше было гораздо удобнее и приятнее глазу. Либо сделать выбор перемещать панель пл своему усмотрению на верх.,ux_design,positive,1,0,https://www.rustore.ru/catalog/app/ru.astro.chartspro/reviews,2026-07-29T19:02:24.397Z
ru.astro.chartspro,Оценки и отзывы,2354962153,Марина,12 июл 2024,5,"Здравствуйте. В таблице связи в двойных картах не отображаются связи. Например: аспект Марс квадрат Плутон, в натальной карте этого аспекта нет, а в транзите он появился, но в таблице этой связи нет. Т.е. транзитные (прогрессивные ) связи в таблице не отображаются, содержание домов там то же, что и в натальной карте, а связи же новые. можно это поправить?",other,positive,0,0,https://www.rustore.ru/catalog/app/ru.astro.chartspro/reviews,2026-07-29T19:02:24.397Z
ru.astro.chartspro,Оценки и отзывы,2353999161,Simple,16 май 2024,5,"Здравствуйте. Скажите, пожалуйста, планируете ли добавить топоцентрическую систему? Очень не хватает мне её. И ещё было бы здорово, если бы была ещё одна группа по орбисам для планет. Сейчас их всего 4 и по орбисам Марсу приходится давать те же, что и Меркурию и Венере, а на самом деле хотелось бы дать ему несколько меньше для транзитов, но это уже так, не критичное. В остальном приложение очень нравится. Спасибо за ваш труд!",praise,positive,0,0,https://www.rustore.ru/catalog/app/ru.astro.chartspro/reviews,2026-07-29T19:02:24.397Z
ru.astro.chartspro,Оценки и отзывы,2352428828,Александр,14 янв 2024,4,"Хорошо бы создать возможность выбора систем домов для карт заполярных широт, хотя бы из трёх: Моринус, Зариэль и равнодомная от Мс. А также, при построении двойной карты, сохранять соответствующие системы домификации при выборе техник прогноза и радикса. Т.е. , если человек переехал жить, например, из Мурманска в Москву, то карты транзита, обращения и прогрессий строятся в системе для карты релокации(в Плациде, например), а для радикса сохранялась бы одна из выбранных для заполярных (Моринус).",praise,positive,1,1,https://www.rustore.ru/catalog/app/ru.astro.chartspro/reviews,2026-07-29T19:02:24.397Z
ru.astro.chartspro,Оценки и отзывы,2351729521,Элина,7 окт 2023,5,"Спасибо, очень удобное приложение для андроид. Тестили с коллегами давно, сравнивали с зетом, все работает. В отличие от сотиса не путает поправки. Один вопрос, как можно сделать солярный асц основным? То есть чтобы карта возвращения строилась от солярного, а не натального асц?",ux_design,positive,3,0,https://www.rustore.ru/catalog/app/ru.astro.chartspro/reviews,2026-07-29T19:02:24.397Z
ru.astro.chartspro,Оценки и отзывы,2351700478,Алиша,2 окт 2023,5,"Спасибо за приложение, которое вы развиваете уже много лет, не бросаете! Сначала тестила версию лайт, потом купила в рустори версию про, без проблем. Всем довольна, особенно сеткой домов равнодомной от солнца, возможностью вносить свои формулы жребиев, да и всем остальным... Нет только возможности строить карты до нашей Эры, для мунданных карт))",praise,positive,1,0,https://www.rustore.ru/catalog/app/ru.astro.chartspro/reviews,2026-07-29T19:02:24.397Z
ru.astro.chartspro,Оценки и отзывы,2351581626,Андрей,29 авг 2023,5,"Отличное приложение. Долго ждал, как переедет в RuStore из Google Play. Спасибо!!! Вопрос - а можно ли в варианты выбора цвета линий аспектов добавить черный цвет?",praise,positive,5,0,https://www.rustore.ru/catalog/app/ru.astro.chartspro/reviews,2026-07-29T19:02:24.397Z
ru.improg.love,Оценки и отзывы,2405630055,Иван,16 май 2026,5,Прикольно 😁,other,positive,1,0,https://www.rustore.ru/catalog/app/ru.improg.love/reviews,2026-07-29T19:02:28.563Z
ru.improg.love,Оценки и отзывы,2374199478,Людмила,18 ноя 2025,5,Какое интересное приложение!)) Заманчиво),other,positive,2,0,https://www.rustore.ru/catalog/app/ru.improg.love/reviews,2026-07-29T19:02:28.563Z
ru.improg.love,Оценки и отзывы,2374144806,Поляева,17 ноя 2025,5,"Спасибо разработчику за приложение, мне очень понравилось 👍 ❤",praise,positive,1,0,https://www.rustore.ru/catalog/app/ru.improg.love/reviews,2026-07-29T19:02:28.563Z
ru.improg.love,Оценки и отзывы,2374135778,Юлия,17 ноя 2025,5,"Отличное приложение 👍очень понравилось, всё работает",praise,positive,2,0,https://www.rustore.ru/catalog/app/ru.improg.love/reviews,2026-07-29T19:02:28.563Z
ru.improg.love,Оценки и отзывы,2373847393,Нина,12 ноя 2025,5,Очень прикольное приложение . просто супер. Скачивайте и ищите совместимость,compatibility,positive,1,0,https://www.rustore.ru/catalog/app/ru.improg.love/reviews,2026-07-29T19:02:28.563Z
ru.improg.love,Оценки и отзывы,2373845440,Оксана,12 ноя 2025,5,"Приложение просто бомба 🤗 я обожаю всё на такую тематику по совместимости, по разбору имени и тд. Затягивает и увлекает 😁 всё ясно, и понятно. За картинки отдельное спасибо 🙏 приложение весит немного, работает без интернета... Ну кайф. 😌 разработчик, аплодирую стоя 👏👏👏и отдельное спасибо, что есть ссылка, которая ещё больше затягивает в чтиво 🤣 и оторваться уже сложнее ...",compatibility,positive,1,0,https://www.rustore.ru/catalog/app/ru.improg.love/reviews,2026-07-29T19:02:28.563Z
net.kosev.scoping,Оценки и отзывы,2397862329,Милана,15 мар 2026,5,Очень хорошее приложение просто не могу с него,praise,positive,2,0,https://www.rustore.ru/catalog/app/net.kosev.scoping/reviews,2026-07-29T19:02:44.471Z
net.kosev.scoping,Оценки и отзывы,2378000006,Татьяна,16 янв 2026,5,Спасибо,praise,positive,1,0,https://www.rustore.ru/catalog/app/net.kosev.scoping/reviews,2026-07-29T19:02:44.471Z
net.kosev.scoping,Оценки и отзывы,2376805405,Алексей,1 янв 2026,2,Почему нет информации за год-???,other,negative,2,0,https://www.rustore.ru/catalog/app/net.kosev.scoping/reviews,2026-07-29T19:02:44.471Z
net.kosev.scoping,Оценки и отзывы,2374016449,Алексей,15 ноя 2025,5,"Супер! После установки этого приложения мой телефон перестал разряжаться вообще! Появилась 8G связь и стали открываться порталы между вселенными. У меня был вывих пальца, который зажил за пол часа, улучшилось самочувствие и прибавилась положительная энергия! Всем советую установить это приложение!!!",ux_design,positive,24,2,https://www.rustore.ru/catalog/app/net.kosev.scoping/reviews,2026-07-29T19:02:44.471Z
ua.maksdenis.timeofbirth,Оценки и отзывы,2411583996,Светлана,Изменён 23 июн 2026,5,Круто! Позитивно! Профессионально 👍,other,positive,0,1,https://www.rustore.ru/catalog/app/ua.maksdenis.timeofbirth/reviews,2026-07-29T19:02:46.269Z
ua.maksdenis.timeofbirth,Оценки и отзывы,2382848749,Валерий,30 янв 2026,5,Хорошее приложение. Работает без проблем,praise,positive,0,0,https://www.rustore.ru/catalog/app/ua.maksdenis.timeofbirth/reviews,2026-07-29T19:02:46.269Z
ua.maksdenis.timeofbirth,Оценки и отзывы,2376122679,Дмитрий,20 дек 2025,5,Сильная точность,content_accuracy,positive,1,0,https://www.rustore.ru/catalog/app/ua.maksdenis.timeofbirth/reviews,2026-07-29T19:02:46.269Z
ua.maksdenis.timeofbirth,Оценки и отзывы,2372865104,Nicka,24 окт 2025,1,Перестал работать на четвёртый день.,other,negative,0,0,https://www.rustore.ru/catalog/app/ua.maksdenis.timeofbirth/reviews,2026-07-29T19:02:46.269Z
ua.maksdenis.timeofbirth,Оценки и отзывы,2371049785,Максим,23 сен 2025,5,Удобное приложение. Всё по полочкам разложено.,ux_design,positive,0,0,https://www.rustore.ru/catalog/app/ua.maksdenis.timeofbirth/reviews,2026-07-29T19:02:46.269Z
ua.maksdenis.timeofbirth,Оценки и отзывы,2370617756,Егор,18 сен 2025,5,Очень информативно),other,positive,0,0,https://www.rustore.ru/catalog/app/ua.maksdenis.timeofbirth/reviews,2026-07-29T19:02:46.269Z
com.special_algorithmic_systems.engm_personal,Оценки и отзывы,2376942295,Татьяна,2 янв 2026,1,Некорректно работает,other,negative,0,0,https://www.rustore.ru/catalog/app/com.special_algorithmic_systems.engm_personal/reviews,2026-07-29T19:02:48.240Z
com.special_algorithmic_systems.engm_personal,Оценки и отзывы,2370527005,Светлана,16 сен 2025,1,Начерта нужна регистрация?,other,negative,2,4,https://www.rustore.ru/catalog/app/com.special_algorithmic_systems.engm_personal/reviews,2026-07-29T19:02:48.240Z
com.special_algorithmic_systems.engm_personal,Оценки и отзывы,2367907557,Ziza,25 июл 2025,5,хороший тихий,praise,positive,1,0,https://www.rustore.ru/catalog/app/com.special_algorithmic_systems.engm_personal/reviews,2026-07-29T19:02:48.240Z
com.special_algorithmic_systems.engm_personal,Оценки и отзывы,2366120669,Константин,17 июн 2025,1,"Нет возможности посмотреть как работает приложение, сразу денег требует.",other,negative,5,4,https://www.rustore.ru/catalog/app/com.special_algorithmic_systems.engm_personal/reviews,2026-07-29T19:02:48.240Z
com.special_algorithmic_systems.engm_personal,Оценки и отзывы,2364959537,Дарья,20 май 2025,5,Хорошее приложение для любителей ежедневных гороскопов,praise,positive,5,3,https://www.rustore.ru/catalog/app/com.special_algorithmic_systems.engm_personal/reviews,2026-07-29T19:02:48.240Z
com.special_algorithmic_systems.engm_personal,Оценки и отзывы,2364957032,Олег,20 май 2025,5,Отличное приложение мне понравилось хороший гороскоп,praise,positive,4,2,https://www.rustore.ru/catalog/app/com.special_algorithmic_systems.engm_personal/reviews,2026-07-29T19:02:48.240Z
com.special_algorithmic_systems.engm_personal,Оценки и отзывы,2364953660,Юлия,20 май 2025,5,отличное приложение. Пользовательский интерфейс прост и удобен. Спасибо разработчику,ux_design,positive,4,1,https://www.rustore.ru/catalog/app/com.special_algorithmic_systems.engm_personal/reviews,2026-07-29T19:02:48.240Z
com.special_algorithmic_systems.engm_personal,Оценки и отзывы,2364953434,Елена,20 май 2025,5,"Неплохое приложение, простое и удобное, мне понравилось",ux_design,positive,3,1,https://www.rustore.ru/catalog/app/com.special_algorithmic_systems.engm_personal/reviews,2026-07-29T19:02:48.240Z
com.special_algorithmic_systems.engm_personal,Оценки и отзывы,2364953195,Tony,20 май 2025,5,"Отличное приложение, мне понравился интерфейс изнутри, информация, необходимая для регистрации в приложении, была простой, мне понравилось пользоваться приложением, все было позитивно, рекомендую попробовать приложение и оценить",ux_design,positive,3,1,https://www.rustore.ru/catalog/app/com.special_algorithmic_systems.engm_personal/reviews,2026-07-29T19:02:48.240Z
com.special_algorithmic_systems.engm_personal,Оценки и отзывы,2364939163,Кристина,20 май 2025,5,"Приложение «Астрономический календарь» — великолепное приложение, предоставляющее точную и интересную информацию об астрономических явлениях в простой и понятной форме. Я считаю, что это отличный инструмент для любителей неба и космоса!",content_accuracy,positive,1,0,https://www.rustore.ru/catalog/app/com.special_algorithmic_systems.engm_personal/reviews,2026-07-29T19:02:48.240Z
com.special_algorithmic_systems.engm_personal,Оценки и отзывы,2364938344,Jojo,20 май 2025,5,Приложение очень удобное и с интересными прогнозами. Спасибо разработчикам!,ux_design,positive,3,0,https://www.rustore.ru/catalog/app/com.special_algorithmic_systems.engm_personal/reviews,2026-07-29T19:02:48.240Z
com.special_algorithmic_systems.engm_personal,Оценки и отзывы,2364933788,Руслан,20 май 2025,5,"функционал понравился по сравнению с другими приложениями. Мало весит, сразу понятно как в приложении ориентироваться",praise,positive,3,0,https://www.rustore.ru/catalog/app/com.special_algorithmic_systems.engm_personal/reviews,2026-07-29T19:02:48.240Z
com.special_algorithmic_systems.engm_personal,Оценки и отзывы,2364933255,Черчев,20 май 2025,5,"Приложение хорошее.Интерфейс премиум-класса, все работает нормально, рекламы нет, что очень хорошо",ads,positive,3,0,https://www.rustore.ru/catalog/app/com.special_algorithmic_systems.engm_personal/reviews,2026-07-29T19:02:48.240Z
com.special_algorithmic_systems.engm_personal,Оценки и отзывы,2364933232,Анна,20 май 2025,5,Отличное приложение для личного развития. Очень удобно и полезно,ux_design,positive,2,0,https://www.rustore.ru/catalog/app/com.special_algorithmic_systems.engm_personal/reviews,2026-07-29T19:02:48.240Z
com.special_algorithmic_systems.engm_personal,Оценки и отзывы,2364925768,Мятежник,20 май 2025,5,"Хорошее приложение, легко в использовании, есть функции, которые мне понравились.",praise,positive,1,0,https://www.rustore.ru/catalog/app/com.special_algorithmic_systems.engm_personal/reviews,2026-07-29T19:02:48.240Z
com.special_algorithmic_systems.engm_personal,Оценки и отзывы,2364917371,Vlad,19 май 2025,5,В этом приложении современный и понятный интерфейс. Всё функции организованы и легко найти нужный раздел.,ux_design,positive,2,0,https://www.rustore.ru/catalog/app/com.special_algorithmic_systems.engm_personal/reviews,2026-07-29T19:02:48.240Z
com.special_algorithmic_systems.engm_personal,Оценки и отзывы,2364915521,Сергей,19 май 2025,5,Хорошее приложение. Нормальный интерфейс. Работает без проблем. Рекомендую попробовать,ux_design,positive,1,0,https://www.rustore.ru/catalog/app/com.special_algorithmic_systems.engm_personal/reviews,2026-07-29T19:02:48.240Z
com.special_algorithmic_systems.engm_personal,Оценки и отзывы,2364915272,Владимир,19 май 2025,5,Приложение удобное хорошый интерфейс все отлично работает нету рекламы что очень хорошо рекомендую.,ads,positive,1,0,https://www.rustore.ru/catalog/app/com.special_algorithmic_systems.engm_personal/reviews,2026-07-29T19:02:48.240Z
com.special_algorithmic_systems.engm_personal,Оценки и отзывы,2364915264,Содеф,19 май 2025,5,"Очень классное приложение, интерфейс которого прост и удобен для глаз",ux_design,positive,1,1,https://www.rustore.ru/catalog/app/com.special_algorithmic_systems.engm_personal/reviews,2026-07-29T19:02:48.240Z
com.special_algorithmic_systems.engm_personal,Оценки и отзывы,2364913852,Надежда,19 май 2025,5,Хороший гороскоп все расписано мне очень понравилось,praise,positive,0,0,https://www.rustore.ru/catalog/app/com.special_algorithmic_systems.engm_personal/reviews,2026-07-29T19:02:48.240Z
com.special_algorithmic_systems.engm_personal,Оценки и отзывы,2364913551,Руфина,19 май 2025,5,"Отличное приложение календарь, можно все найти, что тебе нравится!",praise,positive,0,0,https://www.rustore.ru/catalog/app/com.special_algorithmic_systems.engm_personal/reviews,2026-07-29T19:02:48.240Z
com.special_algorithmic_systems.engm_personal,Оценки и отзывы,2364912750,Мария,19 май 2025,5,Очень интересное приложение,other,positive,2,0,https://www.rustore.ru/catalog/app/com.special_algorithmic_systems.engm_personal/reviews,2026-07-29T19:02:48.240Z
com.special_algorithmic_systems.engm_personal,Оценки и отзывы,2364909077,Елена,19 май 2025,5,очень крутое приложение!!!,other,positive,1,0,https://www.rustore.ru/catalog/app/com.special_algorithmic_systems.engm_personal/reviews,2026-07-29T19:02:48.240Z
com.special_algorithmic_systems.engm_personal,Оценки и отзывы,2364908654,Валерий,19 май 2025,5,"Это очень хорошее приложение. Оно даёт достаточно точный астрологический прогноз, поэтому рекомендую.",content_accuracy,positive,1,0,https://www.rustore.ru/catalog/app/com.special_algorithmic_systems.engm_personal/reviews,2026-07-29T19:02:48.240Z
com.special_algorithmic_systems.engm_personal,Оценки и отзывы,2364904776,Виктор,19 май 2025,5,"Приложение очень понравилось,давно такое хотел.рекомендую",praise,positive,2,0,https://www.rustore.ru/catalog/app/com.special_algorithmic_systems.engm_personal/reviews,2026-07-29T19:02:48.240Z
com.special_algorithmic_systems.engm_personal,Оценки и отзывы,2364892587,Тимур,19 май 2025,5,"Очень удобное и полезное приложение в плане астрологии. Удивительно на сколько точны бывают прогнозы. Теперь можно не посещать астролога, а сразу все узнавать тут.",content_accuracy,positive,1,0,https://www.rustore.ru/catalog/app/com.special_algorithmic_systems.engm_personal/reviews,2026-07-29T19:02:48.240Z
com.special_algorithmic_systems.engm_personal,Оценки и отзывы,2364891841,Sabbir,19 май 2025,5,"Одно из лучших приложений, которые я когда-либо видел. Я пользуюсь им уже давно. Одно из моих любимых приложений. Очень хороший сервис. Вы можете использовать его, если хотите.",praise,positive,1,0,https://www.rustore.ru/catalog/app/com.special_algorithmic_systems.engm_personal/reviews,2026-07-29T19:02:48.240Z
com.special_algorithmic_systems.engm_personal,Оценки и отзывы,2364887469,Александр,19 май 2025,5,"Преимущество этого приложения в том, что оно предоставляет понятный, простой и ясный язык, и в большинстве случаев прогнозы оказываются успешными.",other,positive,0,0,https://www.rustore.ru/catalog/app/com.special_algorithmic_systems.engm_personal/reviews,2026-07-29T19:02:48.240Z
com.special_algorithmic_systems.engm_personal,Оценки и отзывы,2364883674,Владимир,19 май 2025,5,"Скептически отношусь к предсказаниям,гороскопам,но иногда совпадения очень явные, приложение удивило).",content_accuracy,positive,1,0,https://www.rustore.ru/catalog/app/com.special_algorithmic_systems.engm_personal/reviews,2026-07-29T19:02:48.240Z
com.special_algorithmic_systems.engm_personal,Оценки и отзывы,2364883180,Валера,19 май 2025,5,Хорошее приложение с приятным дизайном для любителей астрономии и гороскопов,ux_design,positive,0,0,https://www.rustore.ru/catalog/app/com.special_algorithmic_systems.engm_personal/reviews,2026-07-29T19:02:48.240Z
com.zylonix.horoscope,Оценки и отзывы,2414593608,Александр,Изменён 27 июл 2026,5,Норм,other,positive,0,0,https://www.rustore.ru/catalog/app/com.zylonix.horoscope/reviews,2026-07-29T19:02:49.958Z
com.zylonix.horoscope,Оценки и отзывы,2374631173,Иван,26 ноя 2025,1,"Запускаешь приложение, красиво. Но как только начинаешь пользоваться, любое переключение инструментов это минимум 3 рекламы подряд на весь экран, бред",ads,negative,5,0,https://www.rustore.ru/catalog/app/com.zylonix.horoscope/reviews,2026-07-29T19:02:49.958Z
com.zylonix.horoscope,Оценки и отзывы,2372525847,Людмила,18 окт 2025,3,"Одна нескончаемая реклама, удаляю приложение .",ads,mixed,5,0,https://www.rustore.ru/catalog/app/com.zylonix.horoscope/reviews,2026-07-29T19:02:49.958Z
com.zylonix.horoscope,Оценки и отзывы,2371893724,Евгений,8 окт 2025,1,"Фигня полная, одна реклама",ads,negative,4,0,https://www.rustore.ru/catalog/app/com.zylonix.horoscope/reviews,2026-07-29T19:02:49.958Z
taurus.daily.horoscopes,Оценки и отзывы,2411325017,Павел,Изменён 20 июн 2026,5,Хорошие рекомендации на день,praise,positive,0,0,https://www.rustore.ru/catalog/app/taurus.daily.horoscopes/reviews,2026-07-29T19:03:10.861Z
taurus.daily.horoscopes,Оценки и отзывы,2398055745,Ирина,17 мар 2026,1,Добрый день! Пользуюсь приложением очень давно. А с этого года не пойму где гороскоп на 2026 год. В приложении на 2025 только. Приложение перестает работать? Можноту удалять?,other,negative,0,0,https://www.rustore.ru/catalog/app/taurus.daily.horoscopes/reviews,2026-07-29T19:03:10.861Z
taurus.daily.horoscopes,Оценки и отзывы,2363194600,Антон,2 апр 2025,5,"Неплохое приложение, все понятно написано",other,positive,0,0,https://www.rustore.ru/catalog/app/taurus.daily.horoscopes/reviews,2026-07-29T19:03:10.861Z
cancer.daily.horoscopes,Оценки и отзывы,2370450874,Александр,15 сен 2025,5,Хорошее приложение,praise,positive,0,0,https://www.rustore.ru/catalog/app/cancer.daily.horoscopes/reviews,2026-07-29T19:03:12.339Z
cancer.daily.horoscopes,Оценки и отзывы,2366990201,Светлана,5 июл 2025,5,"Приложение интересное, необычное.",other,positive,0,0,https://www.rustore.ru/catalog/app/cancer.daily.horoscopes/reviews,2026-07-29T19:03:12.339Z
cancer.daily.horoscopes,Оценки и отзывы,2360274255,Алексей,16 янв 2025,5,Хорошее приложение. Буду пользоватся а там посмотрим как работает.,praise,positive,0,0,https://www.rustore.ru/catalog/app/cancer.daily.horoscopes/reviews,2026-07-29T19:03:12.339Z
pisces.daily.horoscopes,Оценки и отзывы,2407529666,Марат,28 май 2026,1,Зависает осталась на 25 мая,reliability,negative,0,0,https://www.rustore.ru/catalog/app/pisces.daily.horoscopes/reviews,2026-07-29T19:03:13.816Z
pisces.daily.horoscopes,Оценки и отзывы,2375868379,Александр,16 дек 2025,5,"Гороскоп после первого ознакомления, меня вполне устраивает. Буду и в дальнейшем пользоваться.",other,positive,1,0,https://www.rustore.ru/catalog/app/pisces.daily.horoscopes/reviews,2026-07-29T19:03:13.816Z
aquarius.daily.horoscopes,Оценки и отзывы,2368210240,Валентина,2 авг 2025,5,"очень понравилось, что можно писать комментарии",praise,positive,0,0,https://www.rustore.ru/catalog/app/aquarius.daily.horoscopes/reviews,2026-07-29T19:03:15.294Z
aquarius.daily.horoscopes,Оценки и отзывы,2352464075,Александр,17 янв 2024,5,"Большое спасибо, замечательно. 👍👍👍",praise,positive,1,0,https://www.rustore.ru/catalog/app/aquarius.daily.horoscopes/reviews,2026-07-29T19:03:15.294Z
com.matricasudbu.app.taro,Оценки и отзывы,2412825870,Елена,Изменён 13 июл 2026,1,Не работает вовсе. Видимо создали только для выкачки денег при личном обращении,reliability,negative,0,1,https://www.rustore.ru/catalog/app/com.matricasudbu.app.taro/reviews,2026-07-29T19:03:52.423Z
com.matricasudbu.app.taro,Оценки и отзывы,2410718195,Baxtiyar,Изменён 16 июн 2026,5,Полезно🔥,other,positive,1,0,https://www.rustore.ru/catalog/app/com.matricasudbu.app.taro/reviews,2026-07-29T19:03:52.423Z
com.matricasudbu.app.taro,Оценки и отзывы,2410494660,Амирхон,Изменён 15 июн 2026,5,Отличное приложение!,praise,positive,1,0,https://www.rustore.ru/catalog/app/com.matricasudbu.app.taro/reviews,2026-07-29T19:03:52.423Z
com.matricasudbu.app.taro,Оценки и отзывы,2408944847,Elmir,Изменён 6 июн 2026,5,Это хорошее и полезное приложение.,praise,positive,1,1,https://www.rustore.ru/catalog/app/com.matricasudbu.app.taro/reviews,2026-07-29T19:03:52.423Z
com.matricasudbu.app.taro,Оценки и отзывы,2408782470,Ayjan,Изменён 5 июн 2026,5,"Всё работает отлично, спасибо!",praise,positive,1,1,https://www.rustore.ru/catalog/app/com.matricasudbu.app.taro/reviews,2026-07-29T19:03:52.423Z
com.matricasudbu.app.taro,Оценки и отзывы,2408678114,Roshan,Изменён 4 июн 2026,5,Очень удобное и полезное приложение.,ux_design,positive,1,1,https://www.rustore.ru/catalog/app/com.matricasudbu.app.taro/reviews,2026-07-29T19:03:52.423Z
com.matricasudbu.app.taro,Оценки и отзывы,2408242809,Глеб,1 июн 2026,5,"Какой хайп, мне очень нравится приложение и очень удобны интерфейс",ux_design,positive,1,1,https://www.rustore.ru/catalog/app/com.matricasudbu.app.taro/reviews,2026-07-29T19:03:52.423Z
com.matricasudbu.app.taro,Оценки и отзывы,2406854460,Ілля,Изменён 23 май 2026,5,Очень класное приложения,other,positive,1,1,https://www.rustore.ru/catalog/app/com.matricasudbu.app.taro/reviews,2026-07-29T19:03:52.423Z
com.matricasudbu.app.taro,Оценки и отзывы,2406505482,Gleb,Изменён 21 май 2026,5,Хорошей карты Таро очень помогли спасибо разработчику,praise,positive,1,1,https://www.rustore.ru/catalog/app/com.matricasudbu.app.taro/reviews,2026-07-29T19:03:52.423Z
com.matricasudbu.app.taro,Оценки и отзывы,2406329094,Зс,Изменён 19 май 2026,5,Удобное и понятно,ux_design,positive,1,1,https://www.rustore.ru/catalog/app/com.matricasudbu.app.taro/reviews,2026-07-29T19:03:52.423Z
com.matricasudbu.app.taro,Оценки и отзывы,2405339023,Дмитрий,Изменён 14 май 2026,5,"Отличное приложение, удобный интерфейс и хороший дизайн",ux_design,positive,1,1,https://www.rustore.ru/catalog/app/com.matricasudbu.app.taro/reviews,2026-07-29T19:03:52.423Z
com.matricasudbu.app.taro,Оценки и отзывы,2405266015,Миша,Изменён 14 май 2026,5,"Отличное приложение.Быстрое построение матрицы судьбы на основе даты рождения.Понятный и приятный дизайн, удобный для пользования. Рекомендую",ux_design,positive,1,1,https://www.rustore.ru/catalog/app/com.matricasudbu.app.taro/reviews,2026-07-29T19:03:52.423Z
com.matricasudbu.app.taro,Оценки и отзывы,2404733943,Артём,11 май 2026,5,Отличное приложение. Понятное и удобное.,ux_design,positive,1,1,https://www.rustore.ru/catalog/app/com.matricasudbu.app.taro/reviews,2026-07-29T19:03:52.423Z
com.matricasudbu.app.taro,Оценки и отзывы,2404690599,Иван,Изменён 11 май 2026,5,Хорошее приложение,praise,positive,1,1,https://www.rustore.ru/catalog/app/com.matricasudbu.app.taro/reviews,2026-07-29T19:03:52.423Z
com.matricasudbu.app.taro,Оценки и отзывы,2404647415,Geno,Изменён 10 май 2026,5,"Мне всегда интересна эта тема и все в одном месте сделали, то что нужно",ux_design,positive,1,1,https://www.rustore.ru/catalog/app/com.matricasudbu.app.taro/reviews,2026-07-29T19:03:52.423Z
com.matricasudbu.app.taro,Оценки и отзывы,2404555926,John,Изменён 9 май 2026,5,Интересно было узнать новое,other,positive,1,1,https://www.rustore.ru/catalog/app/com.matricasudbu.app.taro/reviews,2026-07-29T19:03:52.423Z
com.matricasudbu.app.taro,Оценки и отзывы,2403999263,Wewe,Изменён 3 май 2026,5,великое приложение,other,positive,1,1,https://www.rustore.ru/catalog/app/com.matricasudbu.app.taro/reviews,2026-07-29T19:03:52.423Z
com.matricasudbu.app.taro,Оценки и отзывы,2403589606,Lidia,Изменён 29 апр 2026,5,Отличное и интересное приложение! Видно что разработчики старались на счёт приложение. Очень качественно и понятный интерфейс. Рекомендую!,ux_design,positive,1,1,https://www.rustore.ru/catalog/app/com.matricasudbu.app.taro/reviews,2026-07-29T19:03:52.423Z
com.matricasudbu.app.taro,Оценки и отзывы,2403218171,Не-Указано,25 апр 2026,5,Очень удобное приложение! Рекомендую!,ux_design,positive,1,1,https://www.rustore.ru/catalog/app/com.matricasudbu.app.taro/reviews,2026-07-29T19:03:52.423Z
com.matricasudbu.app.taro,Оценки и отзывы,2401636729,Бутерброд,12 апр 2026,5,Очень интересное приложение мне нравится! Рекомендую!,praise,positive,1,1,https://www.rustore.ru/catalog/app/com.matricasudbu.app.taro/reviews,2026-07-29T19:03:52.423Z
com.matricasudbu.app.taro,Оценки и отзывы,2401511385,Александр,11 апр 2026,5,"Отличное приложение для тех, кто хочет не просто гадать, а разбираться в сути. Удобно структурировано обучение, понятные описания мажорных и минорных арканов. Порадовал список тарологов с четкой тематикой — можно выбрать профи под конкретный запрос. Расклады работают корректно, визуал приятный. Рекомендую к установке.",ux_design,positive,1,1,https://www.rustore.ru/catalog/app/com.matricasudbu.app.taro/reviews,2026-07-29T19:03:52.423Z
com.matricasudbu.app.taro,Оценки и отзывы,2400882367,Исмаил,5 апр 2026,5,"хорошее приложение,советую всем!",praise,positive,1,1,https://www.rustore.ru/catalog/app/com.matricasudbu.app.taro/reviews,2026-07-29T19:03:52.423Z
com.matricasudbu.app.taro,Оценки и отзывы,2400078429,Ваня,30 мар 2026,5,Очень хорошая приложение,praise,positive,1,1,https://www.rustore.ru/catalog/app/com.matricasudbu.app.taro/reviews,2026-07-29T19:03:52.423Z
com.matricasudbu.app.taro,Оценки и отзывы,2399721779,Роз,27 мар 2026,5,Интересное приложение мне понравилось 10/10,praise,positive,1,1,https://www.rustore.ru/catalog/app/com.matricasudbu.app.taro/reviews,2026-07-29T19:03:52.423Z
com.matricasudbu.app.taro,Оценки и отзывы,2398011955,Валерия,16 мар 2026,5,Спасибо за создание этого приложения! Я как раз искала подобное!!,praise,positive,1,1,https://www.rustore.ru/catalog/app/com.matricasudbu.app.taro/reviews,2026-07-29T19:03:52.423Z
com.matricasudbu.app.taro,Оценки и отзывы,2396779124,Артём,11 мар 2026,5,Отличное приложение рекомендую,praise,positive,2,0,https://www.rustore.ru/catalog/app/com.matricasudbu.app.taro/reviews,2026-07-29T19:03:52.423Z
com.matricasudbu.app.taro,Оценки и отзывы,2396637887,Алёночка,11 мар 2026,5,"Интересное приложение, увлекает 🙏",other,positive,2,0,https://www.rustore.ru/catalog/app/com.matricasudbu.app.taro/reviews,2026-07-29T19:03:52.423Z
com.matricasudbu.app.taro,Оценки и отзывы,2396237962,Марк,9 мар 2026,5,Приложение супер,praise,positive,2,0,https://www.rustore.ru/catalog/app/com.matricasudbu.app.taro/reviews,2026-07-29T19:03:52.423Z
com.matricasudbu.app.taro,Оценки и отзывы,2395397130,Александр,7 мар 2026,5,"Лучшее приложение, которое я скачивал.",other,positive,2,0,https://www.rustore.ru/catalog/app/com.matricasudbu.app.taro/reviews,2026-07-29T19:03:52.423Z
com.matricasudbu.app.taro,Оценки и отзывы,2394726758,Vlad,5 мар 2026,5,Скачал приложение и остался довольным! Очень понятный и простой интерфейс. Спасибо большое разработчикам за такое приложение!! Рекомендую всем!,ux_design,positive,2,0,https://www.rustore.ru/catalog/app/com.matricasudbu.app.taro/reviews,2026-07-29T19:03:52.423Z
com.apptaro.app,Оценки и отзывы,2407467628,Александр,Изменён 27 май 2026,5,Прикольное приложение для гадания с помощью ИИ. Рекомендую!,other,positive,0,2,https://www.rustore.ru/catalog/app/com.apptaro.app/reviews,2026-07-29T19:03:55.470Z
com.apptaro.app,Оценки и отзывы,2407445770,Виталий,Изменён 27 май 2026,5,"Приложение такое хорошее,работает.",praise,positive,1,0,https://www.rustore.ru/catalog/app/com.apptaro.app/reviews,2026-07-29T19:03:55.470Z
com.apptaro.app,Оценки и отзывы,2407444862,Елена,27 май 2026,5,"Приложение ""таро ии"" нормальное. Интерфейс понятный и удобный в использовании. Рекомендую.",ux_design,positive,0,0,https://www.rustore.ru/catalog/app/com.apptaro.app/reviews,2026-07-29T19:03:55.470Z
com.apptaro.app,Оценки и отзывы,2407444691,Платон,Изменён 27 май 2026,5,Таро расклад оказался правдивым!,content_accuracy,positive,0,0,https://www.rustore.ru/catalog/app/com.apptaro.app/reviews,2026-07-29T19:03:55.470Z
com.apptaro.app,Оценки и отзывы,2407444553,Никита,Изменён 27 май 2026,5,"Отличное такое, в принципе работает тока чутка не понятно, но в общей сути помогает и достоверное",praise,positive,1,0,https://www.rustore.ru/catalog/app/com.apptaro.app/reviews,2026-07-29T19:03:55.470Z
com.apptaro.app,Оценки и отзывы,2407444399,Лилия,Изменён 27 май 2026,5,Очень интересный таро расклад,other,positive,1,0,https://www.rustore.ru/catalog/app/com.apptaro.app/reviews,2026-07-29T19:03:55.470Z
tarot.helper.app,Оценки и отзывы,2414128401,Ольга,Изменён 24 июл 2026,2,"Неплохое приложение. Но последняя покупка лун почему-то не прошла. Потратила 300 руб, а лун нет(( Разработчики как быть? Написала в поддержку, пока молчание",payments,negative,0,0,https://www.rustore.ru/catalog/app/tarot.helper.app/reviews,2026-07-29T19:03:58.477Z
tarot.helper.app,Оценки и отзывы,2412611276,Наталья,Изменён 7 июл 2026,5,"Бесплатный расклад карт Таро с четкой и ясной формулировкой. Можно сделать расклад на любые интересующие вас вопросы. И что самое главное - это бесплатно! Здорово! Хотя бы можно теперь понять, какие приоритеты в жизни выставлять",payments,positive,0,0,https://www.rustore.ru/catalog/app/tarot.helper.app/reviews,2026-07-29T19:03:58.477Z
tarot.helper.app,Оценки и отзывы,2412591361,Леонид,Изменён 7 июл 2026,5,"Приложение приятное и интуитивно понятное — расклады получаются красивыми, а трактовки достаточно подробные. Особенно нравится, что есть короткие подсказки для новичков. Рекомендую тем, кто интересуется таро! ✨",content_accuracy,positive,0,0,https://www.rustore.ru/catalog/app/tarot.helper.app/reviews,2026-07-29T19:03:58.477Z
tarot.helper.app,Оценки и отзывы,2412558645,Николай,Изменён 7 июл 2026,5,"Приложение Таро просто находка, можно найти что то интересное!",other,positive,0,0,https://www.rustore.ru/catalog/app/tarot.helper.app/reviews,2026-07-29T19:03:58.477Z
tarot.helper.app,Оценки и отзывы,2412554834,Эльза,7 июл 2026,5,"Таро Онлайн спасает, когда нужен быстрый и честный ответ.",other,positive,0,0,https://www.rustore.ru/catalog/app/tarot.helper.app/reviews,2026-07-29T19:03:58.477Z
tarot.helper.app,Оценки и отзывы,2412525642,Александр,6 июл 2026,5,"Отличное приложение, пользуюсь я таро уже давно и за все время использования, я не заметил в его работе ни одного минуса, одни сплошные плюсы!",praise,positive,0,0,https://www.rustore.ru/catalog/app/tarot.helper.app/reviews,2026-07-29T19:03:58.477Z
tarot.helper.app,Оценки и отзывы,2412524444,Макс,6 июл 2026,5,"Отличное приложение,классный расклад таро,всё работает норм,без лагов и тормозов,с хорошим интерфейсом,рекомендую!",ux_design,positive,0,0,https://www.rustore.ru/catalog/app/tarot.helper.app/reviews,2026-07-29T19:03:58.477Z
tarot.helper.app,Оценки и отзывы,2407833748,Анна,Изменён 29 май 2026,4,"Несколько дней не работало, выглядит сыровато, встроенные ии-консультанты не очень (субъективно), и работают по старым данным, плохо читают запрос, а любой запрос - минус ""платные Луны"". Попросила лунный календарь на июнь для себя, выдал данные на 2024. я думала тут чей-то опыт и наработки, а тут просто видимо по API встроили обычную ИИ. Если написать промт дипсику, то бесплатно будет тоже самое, с учётом и времени рождения, и всех лунных фаз. Ещё и чаты запросов не хранятся. Зато дизайну плюс",payments,positive,0,0,https://www.rustore.ru/catalog/app/tarot.helper.app/reviews,2026-07-29T19:03:58.477Z
tarot.helper.app,Оценки и отзывы,2407557270,Мария,Изменён 28 май 2026,1,Ничего не работает 🤨,reliability,negative,0,0,https://www.rustore.ru/catalog/app/tarot.helper.app/reviews,2026-07-29T19:03:58.477Z
tarot.helper.app,Оценки и отзывы,2403655333,Анастасия,Изменён 30 апр 2026,5,"Очень понравилось приложение Таро Онлайн. Я очень люблю делать раскладывать карту дня. Очень интересно то меня ждет на сегодня. В общем, если вам нужен расклад, то это идеальное приложение))",praise,positive,0,0,https://www.rustore.ru/catalog/app/tarot.helper.app/reviews,2026-07-29T19:03:58.477Z
tarot.helper.app,Оценки и отзывы,2403652803,Александр,Изменён 30 апр 2026,5,Данное Таро онлайн мне понравилось. Программа учитывает все нюансы и выдаёт грамотный расклад. По крайней мере по моим данным всё сошлось. Позже проверю еще на ком-нибудь.,praise,positive,0,0,https://www.rustore.ru/catalog/app/tarot.helper.app/reviews,2026-07-29T19:03:58.477Z
tarot.helper.app,Оценки и отзывы,2403648459,Сергей,Изменён 30 апр 2026,5,Интересное приложение про карты Таро.,other,positive,0,0,https://www.rustore.ru/catalog/app/tarot.helper.app/reviews,2026-07-29T19:03:58.477Z
tarot.helper.app,Оценки и отзывы,2403641256,Лариса-В,Изменён 30 апр 2026,5,Таро Онлайн — хорошее приложение. Понравился дизайн и понятные толкования. Расклады прям заряжают позитивом. Попробуйте.,ux_design,positive,0,0,https://www.rustore.ru/catalog/app/tarot.helper.app/reviews,2026-07-29T19:03:58.477Z
tarot.helper.app,Оценки и отзывы,2403635483,Анина,Изменён 30 апр 2026,5,"Прекрасное приложение! Карты очень красивые, а толкования глубокие и точные. Помогает настроиться на нужную волну и получить ответ на важный вопрос. Большое спасибо разработчикам!",content_accuracy,positive,0,0,https://www.rustore.ru/catalog/app/tarot.helper.app/reviews,2026-07-29T19:03:58.477Z
tarot.helper.app,Оценки и отзывы,2403631649,Никита,Изменён 30 апр 2026,5,"В последнее время часто пользуюсь этим приложением для раскладов таро, и я просто в восторге! Очень точные интерпретации, которые помогают разобраться в себе и посмотреть на ситуацию под другим углом. Удобный интерфейс и красивая графика. Однозначно рекомендую, Таро онлайн — это отличный способ получить совет в любой момент!",content_accuracy,positive,0,0,https://www.rustore.ru/catalog/app/tarot.helper.app/reviews,2026-07-29T19:03:58.477Z
tarot.helper.app,Оценки и отзывы,2403629079,Евгений,Изменён 30 апр 2026,5,"Таро Онлайн — отличное приложение! Красивый дизайн, удобные расклады и понятные толкования. Помогает взглянуть на проблемы по‑новому и заряжает позитивом. Пользуюсь с удовольствием, однозначно советую!",ux_design,positive,0,0,https://www.rustore.ru/catalog/app/tarot.helper.app/reviews,2026-07-29T19:03:58.477Z
tarot.helper.app,Оценки и отзывы,2403623535,Алексей,Изменён 30 апр 2026,5,Хороший получился расклад таро и бесплатно после регистрации.,payments,positive,0,0,https://www.rustore.ru/catalog/app/tarot.helper.app/reviews,2026-07-29T19:03:58.477Z
tarot.helper.app,Оценки и отзывы,2398922187,Svet Lana,22 мар 2026,2,Приложение опять выдает ошибку,other,negative,0,0,https://www.rustore.ru/catalog/app/tarot.helper.app/reviews,2026-07-29T19:03:58.477Z
tarot.helper.app,Оценки и отзывы,2397971099,Олеся,16 мар 2026,2,Приложение хорошее. Пользовалась постоянно. Но сегодня хотела в очередной раз пополнить луны и увидела что цена поднялась в 5 раз. Похоже придется удалять тк 999 рублей за 10 раскладов очень дорого. Жаль 2 раза в неделю покупала их,payments,negative,0,0,https://www.rustore.ru/catalog/app/tarot.helper.app/reviews,2026-07-29T19:03:58.477Z
tarot.helper.app,Оценки и отзывы,2397585408,Стас,13 мар 2026,5,Приложение Таро Онлайн понравилось. Расклад очень помогает в жизни. Рекомендую.,praise,positive,2,0,https://www.rustore.ru/catalog/app/tarot.helper.app/reviews,2026-07-29T19:03:58.477Z
tarot.helper.app,Оценки и отзывы,2397566963,Роман,13 мар 2026,5,Отличное приложение TAPO которое особенно подойдёт для любителей гороскопа и гадания на картах.,praise,positive,1,0,https://www.rustore.ru/catalog/app/tarot.helper.app/reviews,2026-07-29T19:03:58.477Z
tarot.helper.app,Оценки и отзывы,2397523229,Булат,13 мар 2026,5,"Очень понравилось Таро Онлайн,советую всем скачать!",praise,positive,0,0,https://www.rustore.ru/catalog/app/tarot.helper.app/reviews,2026-07-29T19:03:58.477Z
tarot.helper.app,Оценки и отзывы,2397407577,Аня,13 мар 2026,5,"Интересное, увлекательное приложение. Понравилось",praise,positive,0,0,https://www.rustore.ru/catalog/app/tarot.helper.app/reviews,2026-07-29T19:03:58.477Z
tarot.helper.app,Оценки и отзывы,2397331776,Николай,13 мар 2026,5,"Отличное приложение, надеюсь все расклады сбудутся",praise,positive,0,0,https://www.rustore.ru/catalog/app/tarot.helper.app/reviews,2026-07-29T19:03:58.477Z
tarot.helper.app,Оценки и отзывы,2397324566,Платон,13 мар 2026,5,"Кинул расклад на будущее и всё узнал, приложение интересное конечно.",other,positive,0,0,https://www.rustore.ru/catalog/app/tarot.helper.app/reviews,2026-07-29T19:03:58.477Z
tarot.helper.app,Оценки и отзывы,2397286883,Алексей,13 мар 2026,5,"Оч прикольное приложение.Интересные предсказания на каждый день, неделю,месяц.Много интересных функций.Все понравилось буду пользоваться!",content_accuracy,positive,0,0,https://www.rustore.ru/catalog/app/tarot.helper.app/reviews,2026-07-29T19:03:58.477Z
tarot.helper.app,Оценки и отзывы,2397246073,Катерина,13 мар 2026,5,Действительно отличное приложение. Нравитсяделать расклады,praise,positive,0,0,https://www.rustore.ru/catalog/app/tarot.helper.app/reviews,2026-07-29T19:03:58.477Z
tarot.helper.app,Оценки и отзывы,2397211463,Яна,13 мар 2026,5,"Таро онлайн, одно из лучших приложений в этом направлении, не вылетает не лагает, расклады выдает, пять!",reliability,positive,0,0,https://www.rustore.ru/catalog/app/tarot.helper.app/reviews,2026-07-29T19:03:58.477Z
tarot.helper.app,Оценки и отзывы,2397170818,Василий,13 мар 2026,5,Отличное приложение. Расклады бесплатные. Таро онлайн понятное и удобное приложение без рекламы. Мой расклад полностью мне подошёл.,ads,positive,0,0,https://www.rustore.ru/catalog/app/tarot.helper.app/reviews,2026-07-29T19:03:58.477Z
tarot.helper.app,Оценки и отзывы,2397078497,Петр,13 мар 2026,5,"Отлично приложение с таро, интерфейс понятный. Пользоваться удобно",ux_design,positive,0,0,https://www.rustore.ru/catalog/app/tarot.helper.app/reviews,2026-07-29T19:03:58.477Z
ru.improg.taro,Оценки и отзывы,2405627478,Иван,16 май 2026,5,"Просто великолепно, наконец приложение где нет рекламы каждые 5 секунд, а один небольшой баннер внизу можно закрыть и спокойно работать с приложением. Я не проверял через сколько баннер снова появится, но работал в приложении пару минут точно. Спасибо! Дополню, при новом запуске баннер внизу открывается, но так же после его закрытия, как я понимаю, либо он совсем более не всплывает пока работаешь в приложении, ну либо через какое то время или по какому то действию",ads,positive,2,0,https://www.rustore.ru/catalog/app/ru.improg.taro/reviews,2026-07-29T19:04:02.059Z
ru.improg.taro,Оценки и отзывы,2404864498,Дарья,Изменён 12 май 2026,5,"Простое и интересное приложение. Толкования не шаблонные, а с душой. Помогает настроиться и найти ответы на вопросы. Очень довольна, ставлю 5 звёзд!",other,positive,2,0,https://www.rustore.ru/catalog/app/ru.improg.taro/reviews,2026-07-29T19:04:02.059Z
ru.improg.taro,Оценки и отзывы,2379720904,Сергей,23 янв 2026,1,"Расчëт не верный. 03.02.1966 В расчëте 1аркан императрица(правильно) 2аркан иерофант (правильно) 3аркан иерофант (НЕ ВЕРНО! ОТШЕЛЬНИК - правильный результат) Текст - описание не сохраняется и не копируется...да, впрочем и зачем, при не верном расчëте 🤔 есть реклама. ПРИЛОЖЕНИЕ ДЕЗОРИЕНТИРУЕТ С МОМЕНТА НЕ ВЕРНОГО РАСЧËТА. УСТАНАВЛИВАТЬ НЕ РЕКОМЕНДУЮ, ВОСТОРГАТЬСЯ НЕВЕРНЫМ ИТОГАМ - БЫТЬ ГЛУПЦОМ! АВТОРАМ - ПОРИЦАНИЕ.",ads,negative,1,8,https://www.rustore.ru/catalog/app/ru.improg.taro/reviews,2026-07-29T19:04:02.059Z
ru.improg.taro,Оценки и отзывы,2375515225,Поляева,10 дек 2025,5,Познавательно 👍,other,positive,3,1,https://www.rustore.ru/catalog/app/ru.improg.taro/reviews,2026-07-29T19:04:02.059Z
ru.improg.taro,Оценки и отзывы,2375413179,Оксана,9 дек 2025,5,Прикольное приложение 🤗я вообще в таком приложении новичок 😅 но почитать интересно 🤗 спасибо за весёлое развлечение 👍 рекомендую 👍,praise,positive,4,0,https://www.rustore.ru/catalog/app/ru.improg.taro/reviews,2026-07-29T19:04:02.059Z
ru.improg.taro,Оценки и отзывы,2375375147,Юлия,8 дек 2025,5,"Хорошее приложение, всё работает отлично",praise,positive,2,0,https://www.rustore.ru/catalog/app/ru.improg.taro/reviews,2026-07-29T19:04:02.059Z
ru.improg.taro,Оценки и отзывы,2375358640,Людмила,8 дек 2025,5,"Очень понравилось приложение. Понравилось всё, оформление, простота использования. А самое главное приятное предсказание! )) Спасибо!",content_accuracy,positive,1,0,https://www.rustore.ru/catalog/app/ru.improg.taro/reviews,2026-07-29T19:04:02.059Z
ru.improg.taro,Оценки и отзывы,2375357595,Нина,8 дек 2025,5,Очень хорошее приложение. Скачивай и пользуйтесь . огонь.👍👍👍🔥🔥🔥,praise,positive,0,0,https://www.rustore.ru/catalog/app/ru.improg.taro/reviews,2026-07-29T19:04:02.059Z
com.jiy.tarot.android,Оценки и отзывы,2381510129,Иван,27 янв 2026,1,"Гороскоп не работает, идёт вечная загрузка и все. Расклады как по мне не удобны, после каждого расклада надо ещё нажимать кнопку смотреть результат",reliability,negative,2,0,https://www.rustore.ru/catalog/app/com.jiy.tarot.android/reviews,2026-07-29T19:04:04.538Z
com.jiy.tarot.android,Оценки и отзывы,2379301993,Татьяна,23 янв 2026,4,"Приложение хорошее, но перестал загружаться гороскоп. Исправьте, пожалуйста 🙏",praise,positive,0,0,https://www.rustore.ru/catalog/app/com.jiy.tarot.android/reviews,2026-07-29T19:04:04.538Z
com.jiy.tarot.android,Оценки и отзывы,2378188817,Fds,19 янв 2026,2,"Не открывается, гороскоп с начало года",reliability,negative,1,0,https://www.rustore.ru/catalog/app/com.jiy.tarot.android/reviews,2026-07-29T19:04:04.538Z
com.jiy.tarot.android,Оценки и отзывы,2378184834,Евгения,18 янв 2026,5,"Пропал гороскоп, почему, мне нравится приложение, а без гороскопа скучно",praise,positive,1,0,https://www.rustore.ru/catalog/app/com.jiy.tarot.android/reviews,2026-07-29T19:04:04.538Z
com.jiy.tarot.android,Оценки и отзывы,2373002434,Вера,26 окт 2025,5,Почему такая плохая оценка. Очень хорошее приложение. Иногда обращаюсь к картам. Пока не подводило,praise,positive,2,0,https://www.rustore.ru/catalog/app/com.jiy.tarot.android/reviews,2026-07-29T19:04:04.538Z
com.jiy.tarot.android,Оценки и отзывы,2369206620,Анна,20 авг 2025,5,"Приложение нравится. Кажется, что может предсказать будущее. Наверное это не так, но выпадающие карты наводят на размышления и помогают принять решение или выбрать тот или иной путь. Очень интересно!",content_accuracy,positive,0,0,https://www.rustore.ru/catalog/app/com.jiy.tarot.android/reviews,2026-07-29T19:04:04.538Z
com.jiy.tarot.android,Оценки и отзывы,2369043476,Яна,18 авг 2025,3,"не работает гороскоп, а так хорошее приложение, и отдельно приложение гороскоп, этого же разработчика, тоже не работает совсем, не открывается, уже несколько месяцев так, раньше все нормально было исправьте работу приложений, жаль, так то хорошие.",reliability,mixed,2,0,https://www.rustore.ru/catalog/app/com.jiy.tarot.android/reviews,2026-07-29T19:04:04.538Z
ru.ecliptica.tarot,Оценки и отзывы,2411912538,Aleksei,Изменён 28 июн 2026,5,Ерроллл,other,positive,0,0,https://www.rustore.ru/catalog/app/ru.ecliptica.tarot/reviews,2026-07-29T19:04:22.347Z
ru.ecliptica.tarot,Оценки и отзывы,2410524830,Елизавета,Изменён 15 июн 2026,5,Очень удобное и понятно приложение Рекомендую,ux_design,positive,1,0,https://www.rustore.ru/catalog/app/ru.ecliptica.tarot/reviews,2026-07-29T19:04:22.347Z
ru.ecliptica.tarot,Оценки и отзывы,2410294367,Илья,Изменён 14 июн 2026,5,"Полезное приложение , лучше аналогов",other,positive,1,0,https://www.rustore.ru/catalog/app/ru.ecliptica.tarot/reviews,2026-07-29T19:04:22.347Z
ru.ecliptica.tarot,Оценки и отзывы,2410289856,Роман,Изменён 14 июн 2026,5,Отличное приложение! То что искал! :),praise,positive,1,0,https://www.rustore.ru/catalog/app/ru.ecliptica.tarot/reviews,2026-07-29T19:04:22.347Z
ru.ecliptica.tarot,Оценки и отзывы,2401845957,Damir,14 апр 2026,5,"Приложение хорошее, советую. Понравился дизайн, музыка.Все интуитивно и понятно. Никакой лишней рекламы.",ads,positive,2,0,https://www.rustore.ru/catalog/app/ru.ecliptica.tarot/reviews,2026-07-29T19:04:22.347Z
ru.ecliptica.tarot,Оценки и отзывы,2400536978,Акиф,2 апр 2026,5,"Прекрасный дизайн, широкий функционал, на выбор есть две колоды карт, возможность выбрать расклады по разным поводам. Очень экономная подписка, особенно если сравнивать с услугами обычного таролога. Музыка добавляет антуража",payments,positive,1,0,https://www.rustore.ru/catalog/app/ru.ecliptica.tarot/reviews,2026-07-29T19:04:22.347Z
ru.ecliptica.tarot,Оценки и отзывы,2400387650,Катерина,1 апр 2026,5,"Приложение приятно удивило. Сначала относился скептически, но оказалось, что сделано действительно продуманно. Интерфейс простой и понятный, ничего лишнего — сразу понятно, куда нажимать и что делать.",ux_design,positive,1,0,https://www.rustore.ru/catalog/app/ru.ecliptica.tarot/reviews,2026-07-29T19:04:22.347Z
ru.ecliptica.tarot,Оценки и отзывы,2400387479,Николай,1 апр 2026,5,Приятное приложение. Помогает принимать решения))),other,positive,1,0,https://www.rustore.ru/catalog/app/ru.ecliptica.tarot/reviews,2026-07-29T19:04:22.347Z
ru.ecliptica.tarot,Оценки и отзывы,2398191755,Серафима,17 мар 2026,5,"Очень понравилось! Удобный интерфейс, красивые карты и персонализированные расклады. Отличный вариант на каждый день",ux_design,positive,1,0,https://www.rustore.ru/catalog/app/ru.ecliptica.tarot/reviews,2026-07-29T19:04:22.347Z
dev.belikov.kentaro,Оценки и отзывы,2406303233,Михаил,19 май 2026,5,Суши,other,positive,0,0,https://www.rustore.ru/catalog/app/dev.belikov.kentaro/reviews,2026-07-29T19:04:27.029Z
dev.belikov.kentaro,Оценки и отзывы,2406165703,Алика,Изменён 18 май 2026,5,Вообще круто. Благодарю,other,positive,1,0,https://www.rustore.ru/catalog/app/dev.belikov.kentaro/reviews,2026-07-29T19:04:27.029Z
dev.belikov.kentaro,Оценки и отзывы,2403579702,Elina,29 апр 2026,5,Классно!,praise,positive,1,0,https://www.rustore.ru/catalog/app/dev.belikov.kentaro/reviews,2026-07-29T19:04:27.029Z
dev.belikov.kentaro,Оценки и отзывы,2402077008,Артём,16 апр 2026,5,Класс! 🤩😍Спасибо огромное за приложение!!!! 🤩👍🤝,praise,positive,1,0,https://www.rustore.ru/catalog/app/dev.belikov.kentaro/reviews,2026-07-29T19:04:27.029Z
dev.belikov.kentaro,Оценки и отзывы,2398086995,Muhammad,17 мар 2026,5,"Отличное приложение! Интерфейс простой и удобный, всё работает быстро. Ответы таро выглядят интересными и достаточно подробными. Пока всё нравится, буду пользоваться дальше!",content_accuracy,positive,1,0,https://www.rustore.ru/catalog/app/dev.belikov.kentaro/reviews,2026-07-29T19:04:27.029Z
dev.belikov.kentaro,Оценки и отзывы,2394765140,Мария,5 мар 2026,5,Это просто вау... Очень давно такое искала... спасибо товарищи разработчики! 🙌😍,praise,positive,1,0,https://www.rustore.ru/catalog/app/dev.belikov.kentaro/reviews,2026-07-29T19:04:27.029Z
dev.belikov.kentaro,Оценки и отзывы,2392019804,Елена,23 фев 2026,5,Программа понравилась 👍 рекомендую,praise,positive,1,0,https://www.rustore.ru/catalog/app/dev.belikov.kentaro/reviews,2026-07-29T19:04:27.029Z
dev.belikov.kentaro,Оценки и отзывы,2390317220,Ольга,19 фев 2026,5,Случайно наткнулась на это приложение но моему восторгу нет предела! До чего дошли технологии! Просто 1000% предсказание! Я в шоке🙈👍🔥,content_accuracy,positive,2,0,https://www.rustore.ru/catalog/app/dev.belikov.kentaro/reviews,2026-07-29T19:04:27.029Z
dev.belikov.kentaro,Оценки и отзывы,2377553508,Диана,10 янв 2026,5,"Спасибо вам за такое прикольное приложение, нам, девчонкам это очень нравится 😊 Мистика, будущее✨✨✨",praise,positive,1,0,https://www.rustore.ru/catalog/app/dev.belikov.kentaro/reviews,2026-07-29T19:04:27.029Z
dev.belikov.kentaro,Оценки и отзывы,2377386480,Юлия,8 янв 2026,5,"Интересные интерпретации даются на расклады , главное подробнее расписать вопрос",other,positive,1,0,https://www.rustore.ru/catalog/app/dev.belikov.kentaro/reviews,2026-07-29T19:04:27.029Z
dev.belikov.kentaro,Оценки и отзывы,2376952158,Fedor,3 янв 2026,5,Нормальный подробный разбор и расклад таро,other,positive,1,0,https://www.rustore.ru/catalog/app/dev.belikov.kentaro/reviews,2026-07-29T19:04:27.029Z
dev.belikov.kentaro,Оценки и отзывы,2376914379,Елена,2 янв 2026,5,"Очень понравилось данное приложение. Расшифровка карт, точная. Создателю спасибо 👍",content_accuracy,positive,1,0,https://www.rustore.ru/catalog/app/dev.belikov.kentaro/reviews,2026-07-29T19:04:27.029Z
dev.belikov.kentaro,Оценки и отзывы,2376405546,Сергей,25 дек 2025,5,"Классное приложение! Интересный дизайн и задумка, помогло определиться со сложным выбором",ux_design,positive,1,0,https://www.rustore.ru/catalog/app/dev.belikov.kentaro/reviews,2026-07-29T19:04:27.029Z
com.tigrikot.taro,Оценки и отзывы,2404704432,Ольга,Изменён 11 май 2026,5,"Очень нравится приложение, красивые карты, классные расклады, можно создавать свои гадания. Спасибо разработчику!",ux_design,positive,1,0,https://www.rustore.ru/catalog/app/com.tigrikot.taro/reviews,2026-07-29T19:04:46.052Z
com.tigrikot.taro,Оценки и отзывы,2404644534,Гярай,Изменён 10 май 2026,1,"Что за хйня? Зашёл на гадание да и нет и спросил: Ты мне будешь давать правдивые ответы-нет, ты меня не любишь-да, ты меня ненавидишь-да. Это уже второе приложение, которое ненавидит и обманывает",content_accuracy,negative,0,0,https://www.rustore.ru/catalog/app/com.tigrikot.taro/reviews,2026-07-29T19:04:46.052Z
com.tigrikot.taro,Оценки и отзывы,2400672233,Анна,4 апр 2026,5,"На удивление простое удобное и симпатичное приложение. Есть несколько видов раскладов, матрица судьбы. Карты красивые, описание кратко и по делу. Можно поделиться полученной инфой.",ux_design,positive,3,0,https://www.rustore.ru/catalog/app/com.tigrikot.taro/reviews,2026-07-29T19:04:46.052Z
com.tigrikot.taro,Оценки и отзывы,2399926127,Мария,29 мар 2026,5,Я благодарю за такое классное приложение 🥰,praise,positive,1,0,https://www.rustore.ru/catalog/app/com.tigrikot.taro/reviews,2026-07-29T19:04:46.052Z
com.tigrikot.taro,Оценки и отзывы,2398417620,Юлия,19 мар 2026,5,"Благодарю Разработчика приложения ""Таро Гадание"". Удобное приложение. Помогает получить ответы на вопросы в случае затруднения в выборе и поразмыслить над ситуацией. Полезное, удобное.",ux_design,positive,1,0,https://www.rustore.ru/catalog/app/com.tigrikot.taro/reviews,2026-07-29T19:04:46.052Z
com.tigrikot.taro,Оценки и отзывы,2392720033,Анастасия,25 фев 2026,5,"Отличное приложение, спасибо. А есть такое приложение для Айфона?",ux_design,positive,1,0,https://www.rustore.ru/catalog/app/com.tigrikot.taro/reviews,2026-07-29T19:04:46.052Z
com.tigrikot.taro,Оценки и отзывы,2381068775,Иван,26 янв 2026,1,"1. 650Mb+ приложение где несколько десятков картинок и текст, может вы что забыли убрать лишнее? Или у вас одна картинка 10-20mb? Очень странное решение. 2. На мой взгляд неудачное решиние в инструментах, где нет выбора карт из колоды, а только случайное выпадание.",other,negative,1,0,https://www.rustore.ru/catalog/app/com.tigrikot.taro/reviews,2026-07-29T19:04:46.052Z
com.tigrikot.taro,Оценки и отзывы,2375682635,Сергей,13 дек 2025,5,"Замечательное приложение, простое и удобное, понятное и в тоже время глубокое. Как раз для тех кто хочет научиться медитировать на Таро. Ещё мне очень-очень понравилась ,,мультяшная“ колода🔥",ux_design,positive,3,1,https://www.rustore.ru/catalog/app/com.tigrikot.taro/reviews,2026-07-29T19:04:46.052Z
com.tigrikot.taro,Оценки и отзывы,2371116441,Михаил,25 сен 2025,4,"Очень красивая колода Что надо доработать: 1) Механика выбора карт. Вы должны располагать карты на экране в случайном порядке, рубашкой вверх (скрытыми). Именно пользователь должен тыкнуть на карту (которую он не видит), чтобы еë выбрать. Просто случайный выбор - это менее качественное гадание чем выбор человеком, когда карты уже сформированы, но он не видит их. Хотя сохраните и такой вариант. 2) Неплохо бы вести журнал состоявшихся гаданий. Чтобы затем оценивать, что сбылось. 3) Посутио основн",ux_design,positive,5,0,https://www.rustore.ru/catalog/app/com.tigrikot.taro/reviews,2026-07-29T19:04:46.052Z
com.tigrikot.taro,Оценки и отзывы,2364534834,Олег,10 май 2025,5,Привет с ТЖ 🤞,other,positive,1,0,https://www.rustore.ru/catalog/app/com.tigrikot.taro/reviews,2026-07-29T19:04:46.052Z
com.tigrikot.taro,Оценки и отзывы,2364194281,Денис,28 апр 2025,5,"Очень красиво и удобно, хорошее предложение. Хотелось бы, по возможности, выбирать между старым набором карт и новыми.",ux_design,positive,2,0,https://www.rustore.ru/catalog/app/com.tigrikot.taro/reviews,2026-07-29T19:04:46.052Z
com.tigrikot.taro,Оценки и отзывы,2363643654,Aleksey,16 апр 2025,5,Ок. Исправлено. Проверил,other,positive,2,0,https://www.rustore.ru/catalog/app/com.tigrikot.taro/reviews,2026-07-29T19:04:46.052Z
com.tigrikot.taro,Оценки и отзывы,2361809064,Mik,10 мар 2025,5,"Уважаемый Роман, приложение было бы хорошим, но очень режет глаз, что надписи на картах, после генерации ИИ не исправлены, в любом графическом редакторе 5 сек, а вид был бы достойный, создаётся впечатление, что делалось впопыхах, на коленке, это ведь не так? Доделайте пожалуйста и будет 5 ⭐. 8 кубков- поменять 8 на слово и королева кубков, также не заменили ИИ на корректную надпись, может пропустили.",praise,positive,0,0,https://www.rustore.ru/catalog/app/com.tigrikot.taro/reviews,2026-07-29T19:04:46.052Z
com.tigrikot.taro,Оценки и отзывы,2362108567,Евгений,9 мар 2025,5,"Отличное, интересное приложение. Очень затягивает. Порадовало, что кроме раскладов есть раздел с толкованием карт и создание матрицы судьбы.",praise,positive,1,0,https://www.rustore.ru/catalog/app/com.tigrikot.taro/reviews,2026-07-29T19:04:46.052Z
com.tigrikot.taro,Оценки и отзывы,2352808115,Роман,16 фев 2025,5,После обновления дизайн отличный. Очень нравится приложение!,ux_design,positive,1,0,https://www.rustore.ru/catalog/app/com.tigrikot.taro/reviews,2026-07-29T19:04:46.052Z
com.tigrikot.taro,Оценки и отзывы,2360609325,Вера,26 янв 2025,1,Херня,other,negative,3,2,https://www.rustore.ru/catalog/app/com.tigrikot.taro/reviews,2026-07-29T19:04:46.052Z
com.tigrikot.taro,Оценки и отзывы,2359811514,Альбина,1 янв 2025,5,Очень приятно удивлена! Благодарю!,other,positive,2,2,https://www.rustore.ru/catalog/app/com.tigrikot.taro/reviews,2026-07-29T19:04:46.052Z
com.tigrikot.taro,Оценки и отзывы,2356778970,Дина,25 сен 2024,5,"у меня были три важных вопроса, и ,на удивление ответы я получила ожидаемыми",other,positive,2,2,https://www.rustore.ru/catalog/app/com.tigrikot.taro/reviews,2026-07-29T19:04:46.052Z
com.tigrikot.taro,Оценки и отзывы,2354464035,Кай,14 июн 2024,5,"Прекрасное приложение,. Рисунки карт вообще восторг. Где такие можно купить?",other,positive,3,4,https://www.rustore.ru/catalog/app/com.tigrikot.taro/reviews,2026-07-29T19:04:46.052Z
com.tigrikot.taro,Оценки и отзывы,2352808261,Ирина,17 фев 2024,5,Интересное приложение!,other,positive,2,5,https://www.rustore.ru/catalog/app/com.tigrikot.taro/reviews,2026-07-29T19:04:46.052Z
com.tigrikot.taro,Оценки и отзывы,2352808125,Ольга,17 фев 2024,5,👍👍👍,other,positive,2,5,https://www.rustore.ru/catalog/app/com.tigrikot.taro/reviews,2026-07-29T19:04:46.052Z
com.taroooracle.tarooracle,Оценки и отзывы,2377037955,Елена,4 янв 2026,5,"Очень хорошая программа. За это 5 *. Но из-за рекламы пользоваться ею невозможно. Она все закрывает, не убрать. Думаю, что многие хотели бы использовать платную версию. Сделайте, пожалуйста.",ads,positive,2,0,https://www.rustore.ru/catalog/app/com.taroooracle.tarooracle/reviews,2026-07-29T19:04:48.240Z
com.taroooracle.tarooracle,Оценки и отзывы,2359896014,Андрей,5 янв 2025,3,"Видно, что проведена большая работа по сбору различных колод, за это спасибо. Хотя карты порой перепутаны. Также раздражает обилие рекламы. Но ещё больше раздажает то, что все срамные места персонажей на картах неумело заретушированы.",ads,mixed,5,0,https://www.rustore.ru/catalog/app/com.taroooracle.tarooracle/reviews,2026-07-29T19:04:48.240Z
com.taroooracle.tarooracle,Оценки и отзывы,2357726593,Tina,1 ноя 2024,5,"Круто. Хотелось бы, ещё платно рекламу убрать 👍. Спасибо",ads,positive,6,0,https://www.rustore.ru/catalog/app/com.taroooracle.tarooracle/reviews,2026-07-29T19:04:48.240Z
